entityID	type	primaryRom	primaryHeb	name 2 2 1	additionalName	misc	significantDate	startPeriod	biographicalHistoricalData	placeOfResidence	associatedPlace	fieldOfActivity	sourceDataFound	note	explanatory	classExplanatory	LCC	systemControlNum
000651562	location	Big Bend Region (Tex.)	אזור ביג בנד (טקסס)		Big Bend Country (Tex.),lat; 	; ; 							Work cat.: Archives of the Big Bend Guide to manuscript collections, 1981.,; BGN, Feb. 9, 1983,(Big Bend Region; 29⁰10ʹN, 102⁰15ʹW); Lippincott.,; LC database, Apr. 2, 2003,(titles: Big Bend Country); 				sh 85013945	
000675064	location	Dur Sharrukin (Extinct city)	דור שרוכין (עיר קדומה)		Dur Sharrukin (Ancient city),lat; Khorsabad (Extinct city),lat; Khorsabad (Iraq),lat; 	; ; 											sh 85040015	
000675630	location	Ebla (Extinct city)	אבלה (עיר קדומה)		Ebla (Ancient city),lat; Ibla (Extinct city),lat; Mardikh, Tall,lat; Mardikh, Tall (Syria),lat; Tall Mardikh (Syria),lat; Tell Mardikh (Syria),lat; 	; ; 											sh 85040650	
000748699	location	Silesia (Czech Republic)	שלזיה (צ'כיה)		Schlesien (Czech Republic),lat; Slezsko (Czech Republic),lat; 	; ; 											sh 85122479	
000775119	location	Bornholm (Denmark)	בורנהולם (דנמרק)			; ; 							Work cat.: Jensen, E.A. Borholmere og folk i Storstrommen, 1981.,; Lippincott.,; Web. geog.,; 				sh 86002572	
000798256	location	Nysa (Extinct city)	ניסה (עיר קדומה)		Nysa (Ancient city),lat; 	; ; 							Work cat.: Die Inschriften von Tralles und Nysa, 1989.,; Princeton encyc. classic. sites.,; 				sh 89003404	
000801700	location	Qasila Site (Israel)	תל קסילה (ישראל)		Ḳasilah Site (Israel),lat; Qasila, Tel (Israel),lat; Qasile Site (Israel),lat; Qassile Site (Israel),lat; Tel el Qasile (Israel),lat; Tel el Qassile (Israel),lat; Tel-Ḳasilah (Israel),lat; Tel Qasila (Israel),lat; Tell Qasile (Israel),lat; 	; ; 							Work cat.: Mazar, A. Excavations at Tell Qasile, 1980:,t.p. (Tell Qasile); BGN gazetteer of Israel, 1983,(Tel Qasila, site, 32⁰06ʹN, 34⁰48ʹE, refs. from Tel el Qassile and Tel el Qasile); Mazar, A. Tel-Kasilah, c1983:,t.p. (Tel-Kasilah) p. 3 (Tel-Kasilah, located on the grounds of Ha'aretz Museum in Ramat Aviv); 			DS110.Q32; 	sh 90000473	
000822543	location	Dūr-Katlimmu (Extinct city)	דור שרוכין (עיר קדומה)		Shaykh Ḥamad, Tall (Syria),lat; Tall Shaykh Ḥamad (Syria),lat; 	; ; 							Work cat.: 92239041: Die Rezente Umwelt von Tall Šēẖ Ḥamad und Daten zur Umweltrekonstruktion der assyrischen Stadt Dūkatlimmu, 1991.,; LC romanization,(Shaykh Ḥamad, Tall); 				sh 93006802	
000824640	location	Shephela (Israel)	שפלה (ישראל)		Shefela (Israel),lat; Shephelah (Israel),lat; Shefelah (Israel),lat; Shefelat Yehudah (Israel),lat; Judean foothills,lat; Hashefela (Israel),lat; Ha-Shefela (Israel),lat; Ha-Shephela (Israel),lat; <<ha->>Shefela (Israel),lat; Central foothills (Israel),lat; 	; ; 							Work cat.: 83-174556: Dagan, Y. Shefelat Yehudah, 1982.,; Encyc. Judaica,(Shephelah, Hebrew: Shefelah; area west of the Judean Mountains, separating it from the coastal plain); Interp. dict. Bible,(Shephelah); Joshua XV, 33,(Shefelah; English translations - valley, lowland, lowlands); 	Changed to standard Israeli form; Cross references added by NLI; 			sh 93009321	
000845919	location	Abila (Extinct city)	אבלה (עיר קדומה)		Abil, Tell (Jordan),lat; Ḥammah al-Samrāʼ, Tall al- (Jordan),lat; Seleucia Abila (Extinct city),lat; Tall al-Ḥammah al-Samrāʼ (Jordan),lat; Tell Abil (Jordan),lat; 	; ; 							Work cat.: 95-963751: Barbet, Alix. Les peintures des nécropoles romaines d'Abila et du nord de la Jordanie, 1994.,; Princeton encyc. classic. sites,(Abila, Seleucia Abila, Tell Abil); BGN gazetteer Jordan,(Ḥammah al-Samrāʼ, Tall al); 				sh 96011296	
000850054	location	Nisa (Extinct city)	ניסה (עיר קדומה)		Mithradatkirt (Extinct city),lat; Nusaĭ (Extinct city),lat; Parthaunisa (Extinct city),lat; Nisa (Turkmenistan),lat; 	; ; 							Nusaĭyn͡g Parfii͡a ritonlary, 1991.,; Britannica Micro.,(Nisa, also called Parthaunisa; renamed Mithradatkirt in 2nd cent. B.C.); 				sh 97004693	
000850986	location	Timna (Yemen : Extinct city)	תמנע (תימן : עיר קדומה)			; ; 							Work cat.: 81-457430: Jamme, A. Notes on the published inscribed objects excavated at Ḥeid bin ʻAqîl in 1950-1951, 1965:,p. 1 (the cemetery of Timna, the ancient capital of the kingdom of Qatabân); Archaeo. atlas:,p. 84 (Timna. Qatabanians with their capital at Timna); Britannica 14:,v. 2, p. 176 (Qataban was centred in Bayhan and adjoining areas. Its capital Timna was destroyed shortly before or shortly after the beginning of the Christian era.); Old catalog heading,(Timna); 				sh 97005971	
000872679	location	Emek Zevulun (Israel)	עמק זבולון (ישראל)		Zebulon Valley (Israel),lat; ʻEmeḳ ʻAko (Israel),lat; ʻEmeḳ-Zevulun (Israel),lat; ʻEmeq Zevulun (Israel),lat; Haifa Bay Area (Israel),lat; Haifa Bay Region (Israel),lat; Shefelat Ḥefah-ʻAko (Israel),lat; Territory of Zabulon (Israel),lat; Zabulon, Territory of (Israel),lat; Zebulun Valley (Israel),lat; Zevulon (Israel),lat; Zevulun Valley (Israel),lat; 	; ; 							Work cat.: 2002530894: Ṿen a ḥolem ṿerṭ meḳuyem, 1934:,t.p. (ʻEmeḳ-Zevulun); Encyc. Judaica:,v. 9, col. 579 (Haifa Bay Area (Zebulun Valley)); BGN gaz. of Israel, 1983,(Zevulun,ʻEmeq; Zebulon Valley; Zevulon); New Cath. encyc.,(Territory of Zabulon); Lippincott,(Zebulun Valley, Zevulun Valley); Talmi, E. Kol Erets Yiśraʼel, 1974,(ʻEmeḳ Zevulun); Kol maḳom ṿe-atar, 1989,(ʻEmeḳ Zevulun, ʻEmeḳ ʻAko, Shefelat Ḥefah-ʻAko, Mifrats Ḥefah); 	Changed to standard Israeli form; 			sh2002001672	
000879915	location	Batan Islands (Philippines)	איי בטאן (פיליפינים)		Batanes Group (Philippines),lat; 	; ; 							Work cat.: 2003629414: Map of Luzon & Batanes Group, 2002,; GEOnet, June 2, 2003,(Batan Islands, isls, 20⁰30ʹ00ʺN, 121⁰50ʹ00ʺE); Columbia gaz., 1998,(Batan Island, island group, northernmost of the Philippine isls., across Balintong Channel from Babuyan Isls., 139 mi/224 km from Taiwan across Bashi Channel; 20⁰30ʹN 121⁰50ʹE. They include the isls. of Itbayat, Batan, Sabtang, and 6 uninhabited islets, and comprise the prov. of Batanes.); 				sh2003002722	
000971610	location	Broward County (Fla.)	מחוז ברוורד (פלורידה)		Broward Co., Fla.,lat; 	; ; 							GeoNames, algorithmically matched, 2009,(adm2; 26°09ʹ01ʺN 080°28ʹ59ʺW); 	Record imported from LCN10 21.2.2011; 6xx fields added from 2014 LCNA file; 			n 50049426	(OCoLC)oca00084464
000974329	location	Campania (Italy)	קמפניה (איטליה)		Regione Campania (Italy),lat; Campanie (Italy),lat; 	; ; 							Inguanez, M. Campania ... 1942.,; L'Eneide, 1983:,t.p. (Regione Campania); Tremblements de terre, éruptions volcaniques et vie des hommes dans la Campanie antique, 1986:,t.p. (Campanie); 	Old catalog heading: Campania; Record imported from LCN10 21.2.2011; 			n 79011134	
000974671	location	Cáceres (Spain)	קסרס (ספרד)		Cáceres, Spain (City),lat; 	; ; 							GeoNames, algorithmically matched, 2009,(ppl; 39°28ʹ35ʺN 006°22ʹ20ʺW); 	Record imported from LCN10 21.2.2011; 6xx fields added from 2014 LCNA file; 			n 79023198	
000975196	location	Campagna (Italy)	קמפניה (איטליה)		Campagna, Italy,lat; קנפנייא (איטליה),heb; 	; ; 								Record imported from LCN10 21.2.2011; Record enhanced with cross references from NNL13-000002065; 			n 79046134	
000975724	location	Erice (Italy)	אריצ'ה (איטליה)		Eryx (Sicily),lat; Erice (Sicily),lat; 	; ; 							Inter'l. School of Subnuclear Physics (20th : 1982 : Erice, Sicily). Gauge interactions, c1984:,CIP t.p. (Erice, Sicily); 	Old catalog heading: Erice, Italy; Record imported from LCN10 21.2.2011; 			n 79065332	
000975975	location	Andong-si (Korea)	אנדונג (קוריאה)		Andong (Korea),lat; Antō (Korea),lat; Andong, Korea,lat; 	; ; 							Andong Kyoyuk Taehak. Nonmunjip ... 1976, 1 (x-ref.),cover p. 4 (Andong, Korea); BGN,(Andong, Korea; 36p0s 34ʹN 128p0s 44ʹE; variants: Antō; 5/18/79); Andong tʻonggye yŏnbo, che 13-hoe 1973:,t.p. (Andong-si); Hanʾguk haengjŏng kuyŏk chʻonggam, 1985,(Andong-ŭp became Andong-si, 1-1-63); 	Record imported from LCN10 21.2.2011; 			n 79074663	
000976170	location	Mandalay (Burma)	יאנגון (בורמה)		Māntạlēi (Burma),lat; Mandalay,lat; Mantaleʺ (Burma),lat; 	; ; 							ʾA khre khaṃ Paññā reʺ Nhīʺ nho Pha lhayʻ pvai (1968 : Mandalay, Burma). ʾA khre khaṃ Paññā reʺ, 1968:,t.p. (Mantaleʺ); 	Record imported from LCN10 21.2.2011; 			n 79082317	
000976424	location	Toul (France)	טול (צרפת)		Toul, France,lat; טולן (צרפת),heb; 	; ; 					c,France; 2,naf; 		GeoNames, algorithmically matched, 2009,(ppl; 48°41ʹ00ʺN 005°54ʹ00ʺE); Sigillographie de Toul, 1868:,title page (Toul); 	Record imported from LCN10 21.2.2011; Record enhanced with cross references from NNL13-000000986; Non-Latin script reference not evaluated.; 6xx fields added from 2014 LCNA file; 3xx field(s) added from 2014 LCNA file; 			n 79091181	(OCoLC)oca00323508
000976647	location	Udine (Italy)	אודינה (איטליה)		ווידן (איטליה),heb; 	; ; 							Gt. Brit. War office. G.S.G.S.,Town plan of Udine, 1943.; 	Old catalog heading: Udine, Italy; Record imported from LCN10 21.2.2011; 			n 79100753	
000976720	location	Andong-gun (Korea)	אנדונג (קוריאה)		Andong-gun, Korea,lat; 	; ; 							Its Tʻonggye yŏnbo ... 1972:,t.p. (Andong-gun); BGN 7/26/79,(Andong-gun, 36p0s35ʹN 128p0s45ʹE); 	Record imported from LCN10 21.2.2011; 			n 79104077	
000977072	location	Poona (India)	פונה (הודו)		Puna (India),lat; Poona, India (City),lat; 	; ; 							Administration report for the year ..., 1949/1950 :,(Poona Municipal Corporation); 	SUBJECT USAGE: This heading is not valid for use as a subject. Works about this place are entered under Pune (India); Record imported from LCN10 21.2.2011; 6xx fields added from 2014 LCNA file; 			n 79120251	
000977073	location	Pune (India)	פונה (הודו)		Pune, India,lat; 	; ; 							India (Republic). Survey of India.,Pune & Khadki guide map, 1971.; 	In 1974 Poona officially changed its name to Pune.; Record imported from LCN10 21.2.2011; 			n 79120252	
000977283	location	South Holland (Netherlands)	דרום הולנד (הולנד)		Zuid-Holland (Netherlands),lat; Holland, South (Province),lat; 	; ; 							Col. Lipp. gaz.,(formed 1840 by division of Holland into North Holland and South Holland); 	Record imported from LCN10 21.2.2011; 			n 79127971	
000977843	location	Russia	רוסיה		Russie,lat; Rossīi︠a︡,lat; Rossīĭskai︠a︡ Imperīi︠a︡,lat; Russia (Provisional government, 1917),lat; Russia (Vremennoe pravitelʹstvo, 1917),lat; Russland,lat; Ṛusastan,lat; Russia (Tymchasovyĭ uri︠a︡d, 1917),lat; Russian Empire,lat; Rosja,lat; 	; ; 							Combes de Lestrade, G. La Russie économique et soc. à l'avènement de S.M. Nicolas II, 1896:,t.p. (Russie); Ausnahmegesetze gegen deutsche Privatrechte in England, Frankreich und Russland, 1915?:,t.p. (Russland); Russ. Brock.:,v. 27 (Rossīi︠a︡; Rossīĭskai︠a︡ Imperīi︠a︡); Arevelyan Hayastani Ṛusastanin mianalu ... 1978:,t.p. (Ṛusastanin) added t.p. (Rossii); Vserossiĭskoe uchreditelʹnoe sobranie (1918 : Petrograd, R.S.F.S.R.). Statut po vybory v Ustanovchi zbory, 1917:,p. 3 (... Tymchasovoho uri︠a︡du); Polska, Rosja, marksizm, 1983.,; Ukr. rad. ent︠s︡ykl.,(Tymchasovyĭ uri︠a︡d; 3/2(15)/1917 - 10/25(11/7)/1917); Goroda Rossiĭskoĭ Imperii, 1996:,added t.p. (Russian Empire); 	DESCRIPTIVE USAGE: This heading is to be used for corporate bodies and jurisdictions which represent Tsarist Russia from ca. 15th cent. to the 1917 Revolution; corporate bodies and jurisdictions which existed into the Soviet period, i.e.1917-1991 should use name headings for either Russian S.F.S.R. (qualifier R.S.F.S.R.) or Soviet Union depending on jurisdictional level.; Includes the old catalog headings: Russia and Russia (1917. Provisional Govt.).; Do not confuse this heading with the heading for the jurisdiction: Russia (Federation), which is to be used for imprints 1992-; Record imported from LCN10 21.2.2011; Record enhanced with cross references from NNL13-000002191; 			n 80001203	(OCoLC)oca00383918
000977877	location	Madrid (Spain : Province)	מדריד (ספרד : מחוז)		Madrid (Province),lat; 	; ; 							Spain. Dirección general de correos y telecomunicación.,Nomenclátor postal de la provincia de Madrid.; Madrid (Spain : Region). Estatuto de autonomía de la Comunidad de Madrid, 1983?:,p. 5 (territory consists of those cities within administrative limits of Provincia de Madrid); 	SUBJECT USAGE: This heading is not valid for use as a subject. Works about this place are entered under Madrid (Spain : Region).; Record imported from LCN10 21.2.2011; 			n 80001333	(OCoLC)oca00384044
000977894	location	Islip (N.Y.)	איסליפ (ניו יורק)		Islip, N.Y.,lat; 	; ; 							Howell, N.R. Islip town's World War II effort, 1948.,; Rand NcNally comm. atlas, 1993,(Islip, census desig. place, in Town of Islip, Suffolk Co.); 	Record imported from LCN10 21.2.2011; 			n 80001515	(OCoLC)oca00384226
000977895	location	Veracruz-Llave (Mexico : State)	ורקרוז (מקסיקו : מדינה)		Veracruz (Mexico : State),lat; Vera Cruz (Mexico : State),lat; Vera Cruz, Mexico (State),lat; Estado de Veracruz-Llave (Mexico),lat; Estado de Veracruz (Mexico),lat; Veracruz de Ignacio de la Llave (Mexico : State),lat; 	; ; 							Its Survey atlas ... 1922.,; GEOnet, Feb. 21, 2001,(Veracruz-Llave, Estado de--ADM1, 19⁰0ʹ20'N 96⁰0ʹ40'W (MX30), variants: Veracruz, Estado de, Veracruz); Anuario estadistico. Veracruz de Ignacio de la Llave, 2003,; Nationmaster.com, viewed June 23, 2004:,encyclopedia: Veracruz (formal name is Veracruz de Ignacio de la Llave or, more simply, Veracruz-Llave, as the name was changed from simply Veracruz in honor of General Ignacio de la Llave); 	Record imported from LCN10 21.2.2011; 			n 80001548	(OCoLC)oca00384258
000978258	location	Sind (Pakistan)	סינד (פקיסטן)		Sind, Pakistan,lat; Sindhu (Pakistan),lat; 	; ; 							Sacal Sain, Jun 1983:,contents p. (Hukumat-i Sindhu); Info. from LOC, Karachi, 4-5-89,(Sind changed to Sindh); Web. N. Geog. Dic., 1984:,p. 1118 (Sind; formerly a province of British India; became part of Pakistan Aug. 1947; provincial status abolished 1955, restored 1970); 	DESCRIPTIVE USAGE: For works issued before 01-01-90.; SUBJECT USAGE: This heading is not valid for use as a subject. Works about this place are entered under Sindh (Pakistan); Record imported from LCN10 21.2.2011; 			n 80014884	(OCoLC)oca00397341
000979069	location	Bornholms amt (Denmark)	בורנהולם (דנמרק)		Bornholm,lat; Bornholm (Denmark : Amt),lat; 	; ; 								Record imported from LCN10 21.2.2011; 			n 80044989	
000979332	location	Rangoon (Burma)	יאנגון (בורמה)		Rangoon,lat; Yankon (Burma),lat; Yangon (Burma),lat; Ranʻkunʻ (Burma),lat; Dagon (Burma),lat; ראנגון (בורמה),heb; 	; ; 							Col. Lipp. gaz. (Rangoon),; Htun Thein. Mingala thok ... 1940 (Yankon),; Builʻ khyupʻ Cā kraññʹ tuikʻ (Rangoon, Burma). Phvaiʹ caññʻʺ ʾaupʻ khyupʻ puṃ ... 1950:,p. 4 of cover (Ranʻkunʻ); New York times, June 24, 1989:,p. 5 (per Burmese Radio, the govt. has changed the name of the capital from Rangoon to Yangon); BGN req., 6-29-89, 12-20-89,(Rangoon; ppl.; 16p0s47ʹN, 96p0s10ʹE; variants: Yangôn, Dagon); 	Record imported from LCN10 21.2.2011; Record enhanced with cross references from NNL13-000002149; 			n 80053296	
000979335	location	Antioquia (Colombia : Dept.)	אנטיוקיה (קולומביה : מחוז)		Antioquia (Colombia : Province),lat; Antioquia (Colombia : State),lat; Antiochia (Colombia : Dept.),lat; 	; ; 							LC manual auth. cds.,(hdg.: Antioquia, Colombia (Province); to be used for official headings before Apr. 1858; hdg.: Antioquia, Colombia (State); to be used for official hdgs. from Apr. 1, 1858 to Aug. 3, 1886; 1886- use Antioquia, Colombia (Dept.)); La primitiva Antiochia, 1991.,; 	Old catalog headings: Antioquia, Colombia (Province); Antioquia, Colombia (State); Antioquia, Colombia (Dept.); Record imported from LCN10 21.2.2011; 			n 80053307	(OCoLC)oca00435110
000980241	location	Ariccia (Italy)	אריצ'ה (איטליה)		Ariccia, Italy,lat; 	; ; 							Ariccia, 2002:,t.p. (Ariccia) p. 15 (loc. in the Alban Hills in Lazio); GEOnet, Feb. 9, 2004,(Ariccia; PPL 41⁰0ʹ43N 012⁰0ʹ40E); 	Record imported from LCN10 21.2.2011; 			n 80086556	
000980260	location	Chambéry (France)	שמברי (צרפת)		Chambéry, France,lat; Chambrey (France),lat; שאמברע (צרפת),heb; קאמברי (צרפת),heb; קנברי (צרפת),heb; 	; ; 							Miège, J.,Le Iac du Bourget ... 1952.; Fouquet, Y. Pauvreté et assistance au XVIIe siècle, 1986:,t.p. (Chambéry); BGN gaz. France, 1964,(Chambéry, ppl, 45p0s34ʹN 5p0s56ʹE in Savoie Dept.); 	Record imported from LCN10 21.2.2011; Record enhanced with cross references from NNL13-000002253; 			n 80087725	
000980329	location	Komi A.S.S.R. (R.S.F.S.R.)	קומי (רוסיה)		Komi A.S.S.R.,lat; Komi Avtonomnaya Sovetskaya Sotsialisticheskaya Respublika (R.S.F.S.R.),lat; Komi Avtonomnai︠a︡ Sovetskai︠a︡ Sot︠s︡ialisticheskai︠a︡ Respublika (R.S.F.S.R.),lat; Komi ASSR (R.S.F.S.R.),lat; 	; ; 							BGN. Foreign names info bull., June 1992, surrogate:,p. 6 (ADM2, 64p0s00ʹN, 54p0s00ʹE; former name: Komi Avtonomnaya Sovetskaya Sotsialisticheskaya Respublika; new provisional name: Komi); 	SUBJECT USAGE: This heading is not valid for use as a subject. Works about this place are entered under Komi (Russia); Record imported from LCN10 21.2.2011; 			n 80089511	
000980477	location	Andizhon (Andizhon viloiati, Uzbekistan)	אנדיז'ן (אוזבקיסטן)		Andizhan (Uzbek S.S.R.),lat; Andizhan (Uzbekistan),lat; Andijan (Uzbekistan),lat; Andidzhan (Uzbekistan),lat; Andijon (Uzbekistan),lat; Andizhan, Uzbek S.S.R.,lat; 	; ; 							Equbov, B.,Andizhan, 1970.; GEOnet, Aug. 24, 1998,(Andijon, PPL, 40p0s45ʹN 72p0s22ʹE, Uzbekistan; variant: Andizhan; cites others); Toshkent kharit. oid fabrikasi. Ŭzbekiston Respublikasi, 1994,(Andizhon sh., Andizhon viloi︠a︡ti); 	Record imported from LCN10 21.2.2011; 			n 80094125	(OCoLC)oca00475195
000980555	location	Metropolitan Toronto (Ont.)	אזור מטרופולי טורונטו (אונטריו)		Metro Toronto (Ont.),lat; Municipality of Metropolitan Toronto (Ont.),lat; 	; ; 								SUBJECT USAGE: This heading is not valid for use as a subject. Works about this place are entered under the subject heading Toronto Metropolitan Area (Ont.).; Old catalog heading: Metropolitan Toronto, Ont.; Record imported from LCN10 21.2.2011; 6xx fields added from 2014 LCNA file; 			n 80097791	
000980571	location	Périgord (France)	פריגו (צרפת)			; ; 							GeoNames, algorithmically matched, 2009,(unknown; 45°00ʹ00ʺN 000°30ʹ00ʺE); 	Old catalog heading: Périgord, France; Record imported from LCN10 21.2.2011; 6xx fields added from 2014 LCNA file; 			n 80098146	(OCoLC)oca00479129
000980942	location	Metropolitan Manila (Philippines)	אזור מטרופולי מנילה (פיליפינים)		Metro Manila (Philippines),lat; National Capital Region (Philippines),lat; NCR,lat; 	; ; 							Its Executive Committee. Tuladan, the Philippine south, 1978 (subdiv.),t.p. (Metro Manila, Philippines); NCR-National Capital Region : [Metropolitlan Manila], 1999,; Kurian, G. T. Encycl. of the Third World, c1978, v. 2, p. 1189,(Philippines: The capital is Manila, whose position as capital was restored in 1976 when Quezon, the former capital, and 15 other smaller towns were merged with Manila to form a new Metropolitan Manila with a population of 4.5 million, administered by Imelda Romualdez Marcos, the first lady); Philippine almanac & hdbk. of facts, 1977, p. 49,(Metropolitan Manila; Metro Manila); Metropolitan Manila and the magnitude of its problems, 1976:,t.p. (Metropolitan Manila) p. 8-9 (Presidential decree no. 824: There is hereby created a public corporation, to be known as the Metropolitan Manila, vested with powers and attributes of a corporation ... the corporation shall be administered by a commission created under this decree); BGN, Tel. call.,(Metropolitan Manila, Philippines, Admin. area, 14⁰ 35 min. north, 121⁰ 00 min. east); Columbia gaz.,(National Captial Region (NCR), (246 sq mi/636 sq km; 1990 pop. 7,948,392), W central Luzon, Philippines, consisting of Manila, the adjoining cities of Caloocan, Pasay, Pasig, and Quezon City, and 12 towns ; created in 1978 to integrate the country's most populous area; governed by a council known as the Metropolitan Manila Authority, the region is referred to as MetroManila (which is also a colloquial term for the entire Manila megalopolis, stretching from Bulacan prov. in the N to Cavite prov. in the S and into Rizal prov, in the W); see ref. from MetroManila, Philippines); GEOnet, Jan. 8, 2003,(Metropolitan Manila, ADM 2, 14⁰35ʹN, 121⁰00ʹE; variant: Metro Manila); 	SUBJECT USAGE: This heading is not valid for use as a subject. Works about this place are entered under the subject heading Manila Metropolitan Area (Philippines).; Old catalog heading: Metropolitan Manila, Philippines; Metropolitan Manila is treated as one of the provinces of the Philippines; local places within it are qualified by the name of the country (B.R. Tucker 6/3/83); Record imported from LCN10 21.2.2011; 			n 80112059	(OCoLC)oca00492779
000981356	location	Hérault (France)	ארו (צרפת)		Hérault, France (Dept.),lat; 	; ; 							GeoNames, algorithmically matched, 2009,(adm2; 43°40ʹ00ʺN 003°30ʹ00ʺE); 	Record imported from LCN10 21.2.2011; 6xx fields added from 2014 LCNA file; 			n 80125708	
000981959	location	Ica (Peru : Province)	איקה (פרו : מחוז)			; ; 							Its Concejo Provincial. Dir. de Servicios Técnicos.,Nomenclatura de calles y numeración de fincas de la ciudad, 1974 (subdiv.) map recto (Concejo Provincial de Ica); BGN, 8/14/80,(Provincia de Ica [Ica=brief], 2nd order admin. division, 14p0s20ʹS, 75p0s40ʹW); 	Old catalog heading: Ica, Peru (Province); Record imported from LCN10 21.2.2011; 			n 80148152	
000982050	location	Cuzco (Peru : Department)	קוסקו (פרו : מחוז)		Cusco (Peru : Dept.),lat; Qosqo (Peru : Dept.),lat; 	; ; 							Lovon Zavala, G. Investigacion sobre desarrollo regional ... 1981:,t.p. (Cusco); Tamayo Herrera, J. Historia general del Qosqo, 1992:,p. 12 (Departamento del Qosqo); 	Old catalog heading: Cuzco, Peru (Dept.); Record imported from LCN10 21.2.2011; 3xx field(s) added from 2014 LCNA file; 			n 80150400	(OCoLC)oca00530434
000982530	location	Coyoacán (Mexico)	קויואקאן (מקסיקו)		Distrito Federal (Mexico).,lat; Coyoacán, Mexico,lat; Coyohuacán (Mexico),lat; Coyacán (Mexico),lat; Delegación Coyoacán (Mexico),lat; 	; ; 							Its Informe de actividades del ejercicio ... que rinde el C. delegado político, 1988:,p. 2 (Delegación Coyoacán); NIS gaz. Mexico, 1958,(Coyoacán; popl, 19 20 N, 99 10 W); Webster's new geog. dict., 1984,(Coyoacán; city, Federal District, cen. Mexico, suburb of Mexico City); 	"A ""delegación"" is a politico-administrative jurisdiction of the Distrito Federal (cf. Encic. de Méx., v. 4, p. 2201, etc.) At LC they are established as local jurisdictions under AA23.2 and with additions per AA23.4 (i.e. not as subdivisions ofthe heading for the Distrito Federal and not as sections of Mexico City); Record imported from LCN10 21.2.2011; "			n 80165232	
000982555	location	Groznyĭ (Russia)	גרוזני (רוסיה)		Groznyĭ (R.S.F.S.R.),lat; Groznyy, Russia,lat; Groznyĭ, Russia,lat; 	; ; 							Vses. konf. Prevrashchenii︠a︡ uglevodorodov na kislotno-osnovnykh geterogennykh katalizatorakh, Groznyĭ, Russia, 1977.,Vsesoi︠u︡znai︠a︡ konferent︠s︡ii︠a︡ Prevrashchenii︠a︡ uglevodorodov na kislotno-osnovnykh geterogennykh katalizatorakh, 1977 (used in hdg.) colophon (Groznyĭ); USSR 77,(Prevrashchenii︠a︡ uglevodorodov na kislotno-osnovnykh geterogennykh katalizatorakh, Vsesoi︠u︡znai︠a︡ konferent︠s︡ii︠a︡. Groznyĭ); BGN 2/27/80,(Groznyy, spelling chgd. from Grozny; 43p0s20ʹN, 45p0s42ʹE); 	Record imported from LCN10 21.2.2011; 			n 81000104	(OCoLC)oca00546278
000982687	location	Carpi (Italy)	קארפי (איטליה)		קרפי (איטליה),heb; 	; ; 							GeoNames, algorithmically matched, 2009,(ppl; 44°46ʹ57ʺN 010°52ʹ40ʺE); 	Record imported from LCN10 21.2.2011; Record enhanced with cross references from NNL13-000002124; 6xx fields added from 2014 LCNA file; 			n 81003074	
000982759	location	Grozny (Russia)	גרוזני (רוסיה)		Grozny (R.S.F.S.R.),lat; Grozny, Russia,lat; 	; ; 							Its Groznyĭ za sorok let Sovetskoĭ vlasti, 1957.,; 	Record imported from LCN10 21.2.2011; 			n 81003518	(OCoLC)oca00549624
000982791	location	Chernihivsʹka oblastʹ (Ukraine)	מחוז צ'רנוביץ (אוקראינה)		Chernigov (Province),lat; Chernihiv (Ukraine : Oblast),lat; Chernigovskaya oblastʹ (Ukraine),lat; Chernihiv Oblastʹ (Ukraine),lat; Chernigovskai︠a︡ oblastʹ (Ukraine),lat; 	; ; 							Sharlemanʹ, M. Materialy do fauny ... 1936.,; Ukraïna [MAP] 1992:,t.p. (Chernihivsʹka oblastʹ); SSSR, admin.-territ. delenie, 1977:,p. 341 (Chernigovskai︠a︡ oblastʹ; established 10-15-1932); Ukr. rad. ent︠s︡ykl.:,v. 12 (Chernihivsʹka oblastʹ; established 15 Oct. 1932; in Czarist times the Chernihivsʹka hubernii︠a︡ was established in 1802 and existed into the 1920's); Russia and newly independent nations of the former USSR [MAP] March, 1993:,(Ukraine: Region (Oblastʹ): Chernihiv); Encyc. of Ukraine:,v. 1, p. 424-425 (Chernihiv oblast; situated in northern part of Left-Bank Ukraine. For centuries it was part of the geographical-historical Chernihiv region. The Chernihiv oblast was established on 10-15-1932. In the pastthe Chernihiv oblast was part of the Hetman State [no publs. in LC data base], while under the Russian Empire it constituted the Chernihiv gubernia, which was established in 1802, and consisted of 15 counties. In 1919 the four northern countieswere transferred to the Homel gubernia, RSFSR [Gomelʹskai︠a︡ gubernii︠a︡] [no publs. in LC data base], and in 1926 to Briansk gubernia [Bri︠a︡nskai︠a︡ gubernii︠a︡] [no publs. in LC data base].In 1925 the remaining 11 counties of theChernigovskai︠a︡ gubernii︠a︡ became part of the Hlukhiv, Konotip, Nizhen, and Chernihiv okruhas [Hlukhivsʹka, Konotipsʹka, Niz︠h︡ynsʹka, Chernihivsʹka okruha] [no publs. in LC data base]); BGN gaz., USSR:,v. 2 (Chernigovskaya oblastʹ; OBLT: 51p0s 00ʹ N., 32) 00ʹ E.); Bolʹsh. sov. ėnt︠s︡ikl., 3rd ed:,v. 29, p. 271 (Chernigovskai︠a︡ oblastʹ, part of Ukrainian SSR, established in 1932); 	Record imported from LCN10 21.2.2011; 			n 81005005	
000982889	location	Corbeil-Essonnes (France)	קורביל (צרפת)		Corbeil, France (Essonnes),lat; Corbeil-Essonnes, France,lat; 	; ; 							Cybèle (Firm). Corbeil-Essones, 1970?,; 	Record imported from LCN10 21.2.2011; 			n 81007338	
000982983	location	Přerov (Czech Republic : Okres)	פררוב (צ'כיה)		Okres Přerov (Czech Republic),lat; Přerov (Czechoslovakia : Okres),lat; Přerovský okres (Czech Republic),lat; 	; ; 							Budování socialismu ... 1957.,; LCCN 78411162: Kreutz, R. Přerovský okres, 1927.,; Foreign names information bulletin, no. 24, Sept. 30, 2000,(former name: Přerov [short form], Okres--ADM1, 49p0s30'N 17p0s35'E (EZ55); new name: Přerov [short form], Okres--ADM2, 49p0s30'N 17p0s35'E); 	Record imported from LCN10 21.2.2011; 			n 81009636	
000982988	location	Kleve (North Rhine-Westphalia, Germany)	קלוה (גרמניה)		Cleves (North Rhine-Westphalia, Germany),lat; Cleve (North Rhine-Westphalia, Germany),lat; 	; ; 							GeoNames, algorithmically matched, 2009,(ppl; 51°47ʹ00ʺN 006°09ʹ00ʺE); 	Record imported from LCN10 21.2.2011; 6xx fields added from 2014 LCNA file; 			n 81009724	
000983147	location	Turkmen S.S.R.	טורקמניסטן		Turkoman Soviet Socialist Republic,lat; Turkmenische Sozialistische Sowjetrepublik,lat; Turkmenskaya Sovetskaya Sotsialisticheskaya Respublika,lat; Turkmen Soviet Socialist Republic,lat; Turkmenskaya SSR,lat; Turkmenistan (Soviet Republic),lat; Turkmenia,lat; Turkmenskai︠a︡ Sovetskai︠a︡ Sot︠s︡ialisticheskai︠a︡ Respublika,lat; Tu̇rkmenistan Sovet Sot︠s︡ialistik Respublikasy,lat; Tu̇rkmenistan SSR,lat; TSSR,lat; Turkmenskai︠a︡ SSR,lat; 	; ; 			Org. as Sovet republic 1924;; May 1925 became a constituent republic of the USSR; 				Its Constitution, 1950.,; Sovetskiĭ ėnt︠s︡ikl. slovarʹ, 1980:,p. 1471 (on 10/2/24 the territory of the Khorezmskai︠a︡ Sot︠s︡ialisticheskai︠a︡ Sovetskai︠a︡ Respublika was incorporated into the Uzbek SSR, the Turkmen SSR, and the Karakalpakskai︠a︡ AO [no publs. in LC data base]); Tu̇rkmen sovet ėnt︠s︡iklopedii︠a︡sy, 1974-:,v. 8, t.p. (Tu̇rkmenistan Sovet Sot︠s︡ialistik Respublikasy) p. 2 (Tu̇rkmenistan SSR) p. 7 (TSSR-in︠g︡); BGN. Foreign names info. bull., Feb. 1992, surrogate:,p. 5 (former name: Turkmenskaya Sovetskaya Sotsialisticheskaya Respublika [Russian]; Turkmen Soviet Socialist Republic [conventional]; ADM1; new name: Turkmenistan [brief], Republic of: PCL1, 40p0s 00ʹ N, 60p0s 00ʹ E); 	"SUBJECT USAGE: This heading is not valid for use as a subject. Works about this place are entered under Turkmenistan.; DESCRIPTIVE USAGE: Name heading for the government before 1992. Use ""Turkmenistan"" as qualifier for places within the country.; Record imported from LCN10 21.2.2011; "			n 81015803	(OCoLC)oca00561675
000983722	location	Strassburg (Germany)	שטרסבורג (גרמניה)		Strassburg,lat; 	; ; 							Col. Lipp. gaz.,(Strasbourg, German Strassburg, econ. & cult. center of Alsace; free imperial city in Middle Ages; to France 1681; to Germany 1871; to France 1919); Grosse Brockhaus, 1928-1935,(Strassburg, French Strasbourg, cap. of dep. Bas-Rhin, cap. 1871-1918 Reichslandes Elsass-Lothringen); 	SUBJECT USAGE: This heading is not valid for use as a subject. Works about this place are entered under Strasbourg (France).; Valid 1871-1918; Record imported from LCN10 21.2.2011; 			n 81022641	
000983827	location	Brevard County (Fla.)	מחוז ברוורד (פלורידה)		Brevard Co., Fla.,lat; 	; ; 							GeoNames, algorithmically matched, 2009,(adm2; 28°17ʹ31ʺN 080°44ʹ57ʺW); 	Record imported from LCN10 21.2.2011; 6xx fields added from 2014 LCNA file; 			n 81023228	(OCoLC)oca00569020
000985125	location	Millau (France)	מיו (צרפת)		Milhau (France),lat; Milhaud (France),lat; מילייאב (צרפת),heb; 	; ; 			Aveyron; 				Cybèle (Firm),Millau, 1970?; BGN 4/81,(Millau, ppl, 44p0s06ʹN 3p0s05ʹE); 	Old catalog heading: Millau, France; Record imported from LCN10 21.2.2011; Record enhanced with cross references from NNL13-000001348; 			n 81055240	
000985651	location	Argeș (Romania : Județ)	ארגש (רומניה : מחוז)		Județul Argeș (Romania),lat; 	; ; 							Rumania. Institutul Central de Statistică. Agricultura din Județul ... 1945.,; Foreign names information bulletin, April 30, 2001,(former name: Argeș [short form], Județul--ADMD, 45p0s00'N 24p0s50'E (RO00); new name: Argeș [short form], Județul--ADM1, 45p0s00'N 24p0s50'E (RO03)); 	Record imported from LCN10 21.2.2011; 			n 81067854	
000985749	location	Tulle (France)	טול (צרפת)		Tulle, France,lat; 	; ; 							Mathieu, G. Histoire de Tulle ... 1912.,; BGN 6/81,(Tulle, ppl, 45p0s16ʹN. 1p0s46ʹE.); 	Record imported from LCN10 21.2.2011; 			n 81071178	
000985796	location	Périgueux (France)	פריגו (צרפת)		Périgueux, France,lat; פריגה (צרפת),heb; 	; ; 							Lavergne, G. Histoire de Périgueux, 1945.,; 	Record imported from LCN10 21.2.2011; 			n 81071607	(OCoLC)oca00616920
000986226	location	Assen (Netherlands)	אסן (הולנד)		Assen, Netherlands,lat; אססן (הולנד),heb; 	; ; 							GeoNames, algorithmically matched, 2009,(ppl; 52°59ʹ48ʺN 006°33ʹ45ʺE); 	Record imported from LCN10 21.2.2011; Record enhanced with cross references from NNL13-000000319; 6xx fields added from 2014 LCNA file; 			n 81081134	
000986440	location	Odesʹka oblastʹ (Ukraine)	מחוז אודסק (אוקראינה)		Odessa (Province),lat; Odesa Oblastʹ (Ukraine),lat; Odesa (Ukraine : Oblast),lat; Odesskai︠a︡ oblastʹ (Ukraine),lat; Odessa (Ukraine : Oblast),lat; Odesskaya oblastʹ (Ukraine),lat; 	; ; 							Ukraïna [MAP] 1992:,(Odesʹka oblastʹ); Rad. ent︠s︡ykl. istoriï Ukraïny:,v. 3, p. 266-271 (Odesʹka oblastʹ: established 02-27-1932. During the 10th to 12th centuries the territory of the present-day oblast was part of Kievan Rusʹ. From the 13th through the 18th centuries most of these lands came under Tatar rule,except for the South-West Prychornomori︠a︡ Region which was seized by the Lytovsʹke Velyke Kni︠a︡zivstvo [Lithuania (Grand Duchy)]. Throughout the 17th to 18th centuries much of the territory of today's Odesʹka oblastʹ was subjected to raids bythe Bilhorodsʹka and I︠E︡dysansʹka hordes which themselves were subordinated to the Crimean Khanate [Krymskoe khanstvo]. After the Russian-Turkish War of 1787-1791 these lands were formally ceded to Russia, and they became part of theNovorosiĭsʹka hubernii︠a︡ [no publs. in LC data base] from 1797 to 1802, then were transferred to the Khersonsʹka hubernii︠a︡ from 1803 onwards On Jan. 30, 1918 Soviet rule was established in Odesa, however during the same year the BessarabiaRegion was seized by Romania while the Odesa Region was invaded by Austro-Hungarian forces. Throughout 1919 these regions were occupied by Interventionist and then White Army forces. By Feb. 1920 the Odesa Region itself had been liberated bySoviet forces and the Odesʹka hubernii︠a︡ was established. In Nov. 1922 the Mykolaïvsʹka hubernii︠a︡ merged with the Odesʹka hubernii︠a︡. During the jurisdictional reorganization of 1925 the Odesʹka hubernii︠a︡ was abolished and the Odesʹkyĭokruh [ Odesk̇a okruha] [no publs. in LC data base] was formed. On 27 Feb. 1932 the Odesk̇a oblast ̇was established. During 1937 the Mykolaèivsk̇a oblast ̇was separated from the Odesk̇a oblast,̇ and in 1939 ten rayons of the Odesk̇a oblastẇere transferred to the Kirovohradsk̇a oblast.̇ In 1940 eight rayons of the former Moldavsk̇a ARSR were given to the Odesk̇a oblast.̇ Finally, in 1954 the territory of the former Izmaèilṡk̇a oblast; Nat. Geog. Soc. Russia and the newly independent nations of the former USSR [MAP] March, 1993:,(Ukraine: Region (Oblastʹ): Odesa); BGN gaz., USSR:,v. 4 (Odesskaya oblastʹ; oblt., 47p0s 00ʹ E., 30p0s 00ʹ E.); SSSR, admin.-territ. delenie, 1977:,p. 315 (Odesskai︠a︡ oblastʹ; established 02-27-1932); 	Record imported from LCN10 21.2.2011; 			n 81085430	
000986585	location	Kayseri (Turkey)	קייסרי (טורקיה)		Kayseri, Turkey (City),lat; Césarée (Turkey),lat; Kaisaria (Turkey),lat; Kaisariyeh (Turkey),lat; Kesaria (Turkey),lat; Kaisarie (Turkey),lat; Qaisariye (Turkey),lat; Kaisarije (Turkey),lat; Kaizarie (Turkey),lat; Kaisarieh (Turkey),lat; Kayseri Belediyesi (Turkey),lat; Kayseri Büyükşehir Belediyesi (Turkey),lat; 	; ; 							Özdoğan, K. Kayseri tarihi, kültür ve sanat eserleri, 1948-,; BGN phone call 7/17/81,(Kayseri, popl, 38p0s43ʹN, 35p0s30ʹE; variants: Kaisaria; Césarée; Kaisarie; Qaisariye; Mazaca [no publs. in LC]; Eusebeia [no publs. in LC]; Caesarea [earlier name; no publs. in LC]; Casarea [no publs. in LC];Kaisarije; Kaizarie); Çağlar boyunca Kayseri şaileri, 1988:,t.p. (Kayseri Belediyesi); Prof. Dr. Zafer Bayburtluoğlu armağanı, 2001:,t.p. verso (Kayseri Büyükşehir Belediyesi); 	Record imported from LCN10 21.2.2011; 			n 81089610	
000986892	location	Hildesheim (Germany)	הילדסהיים (גרמניה)		Heldesheim (Germany),lat; הילדסהים (גרמניה),heb; 	; ; 							BGN 8-11-81,(Hildesheim, popl., 52 09N, 9 58E); 	Old catalog heading: Hildesheim; Record imported from LCN10 21.2.2011; Record enhanced with cross references from NNL13-000000761; 			n 81095244	
000986943	location	Arkhangelʹskai︠a︡ oblastʹ (Russia)	ארכנגלסק (רוסיה : מחוז)		Arkhangelʹskai︠a︡ oblastʹ (R.S.F.S.R.),lat; Archangel, Russia (Province),lat; Arkhangelʹsk Oblast (Russia),lat; Arkhangelʹskaya oblastʹ (Russia),lat; Archangel Oblast (Russia),lat; Archangel (Russia : Oblast),lat; Arkhangelʹsk (Russia : Oblast),lat; Arkhangelsk Region (Russia),lat; 	; ; 			Est. Sept. 23, 1937; 				Garf, A.L.: Sever, 1948.,; BGN, 6/17/81,(Arkhangelʹskaya oblastʹ, ADMD2, 64p0s00ʹN, 44p0s00ʹE; variant: Archangel Oblast); LC Russian books file, 06-19-95,(1993 hdg.: Arkhangelʹskai︠a︡ oblastʹ); Col.-Lipp. gaz., 1962,(Archangel; oblast; var. Arkhangelsk, Arkhangelʹsk); RSFSR, admin.-territ. delenie, 1986:,p. 144 (Arkhangelʹskai︠a︡ oblastʹ; established on 23 Sept. 1937; includes Nenet︠s︡kiĭ avtonomnyĭ okrug); Rybakov, N. P. Arkhangelʹskai︠a︡ oblastʹ, 1984:,t.p. (Arkhangelʹskai︠a︡ oblastʹ) added t.p. (The Arkhangelsk Region); Russia and the newly independent nations of theformer USSR [MAP] March, 1993:,(Region (Oblastʹ): Arkhangelʹsk; includes Nenets A. Okr.); CIA. Russia: admin. divisions [MAP], Aug. 1994:,(Arkhangelʹsk oblast); 	Record imported from LCN10 21.2.2011; 			n 81096037	
000987307	location	Opole (Poland)	אופולה (פולין)		Opole, Poland,lat; 	; ; 							Wypisy do dziejów miasta Opola, 1975.,; BGN phone call, 8/11/81,(Opole, 50p0s40ʹN, 17p0s57ʹE; variant name: Oppeln, Germany); 	Record imported from LCN10 21.2.2011; 			n 81103444	
000987435	location	Hamburg-Altona (Hamburg, Germany)	המבורג-אלטונה (המבורג, גרמניה)		Hamburg (Germany).,lat; Altona (Hamburg, Germany),lat; 	; ; 							Hamburg (Germany). Baubehörde. Altona, Übersicht der Bebauungspläne 1:20 000, 1979 (subj.),map recto (Altona); BGN 2/11/80,(Hamburg-Altona, section of Hamburg, 53p0s33ʹN 9p0s56ʹE; variant: Altona); Müllers, 1977,(Hamburg-Altona); Col. Lipp. gaz., 1952,(Altona, major fishing port of Hamburg; inc. into Hamburg in 1938); 	SUBJECT USAGE: This heading is not valid for use as a geographic subdivision.; For publications issued after 1937; Record imported from LCN10 21.2.2011; 			n 81106631	(OCoLC)oca00651695
000987689	location	Tambovskai︠a︡ oblastʹ (Russia)	מחוז טמבוב (רוסיה)		Tambovskaya oblastʹ, Russia,lat; Tambovskai︠a︡ oblastʹ (R.S.F.S.R.),lat; Tambov (Russia : Oblast),lat; Tambov Oblast (Russia),lat; Tambovskaya oblastʹ (Russia),lat; 	; ; 			Formed Sept. 27, 1937; 				Zinenko, P. F.,Goroda Tambovskoĭ oblastʹ, 1956.; BGN. Geographic notes, Winter 93,(Tambov Oblast, Russia); BGN gaz., USSR,(Tambovskaya oblastʹ; OBLT: 52p0s 45ʹ N., 41p0s 30ʹ E.); 	Record imported from LCN10 21.2.2011; 			n 81110848	
000987999	location	Rovigo (Italy : Province)	רוויגו (איטליה)		Polesine (Italy : Province),lat; Rovigo, Italy (Province),lat; Provincia di Rovigo (Italy),lat; 	; ; 							Ledda, I.,I periodici di Rovigo e provincia (1866-1926), 1971.; GEOnet, Aug. 26, 2004,(Rovigo [short form], Provincia di--ADM2, 45⁰0ʹ02N 11⁰0ʹ50E; 	"The Polesine denotes the broad fertile area of the Po River Delta located in the province of Rovigo. Numerous works in LC are cuttered ""P"" for the Polesine, rather than ""R"" for Rovigo even though most subj. headings have been changed to the authorized form: Rovigo (Italy : Province). The Polesine in Rovigo Province should not be confused with the frazione Polesine, located in the province of Mantua.; Record imported from LCN10 21.2.2011; "			n 81118885	
000988480	location	Minskai︠a︡ voblastsʹ (Belarus)	מחוז מינסק (בלארוס)		Minsk (Province),lat; Minskai︠a︡ oblastʹ (Belarus),lat; Minskaya voblastsʹ (Belarus),lat; Minsk (Belarus : Voblastsʹ),lat; Minskaya oblast (Belarus),lat; Minsk Province (Belarus),lat; Minsk oblastʹ (Belarus),lat; Minskai︠a︡ oblastʹ (Byelorussian S.S.R.),lat; 	; ; 							"Vaupshasov, S. A.,Partizanskai︠a︡ khronika, 1959.; BGN per phone 9/3/81,(Minskaya oblast ; 1st order admin. div.; 54⁰00ʹ N 28⁰00ʹ E; var: Minsk oblastʹ); GEOnet, 01-20-99,(Minskaya voblasts', ADM 1; 54⁰ 00ʹ 00"" N., 28⁰ 00ʹ 00"" E.; variant: Minskaya oblast'); Belaruski falʹklor u suchasnykh zapisakh, 1995:,t.p. (Minskai︠a︡ voblastsʹ); Encyc. Britannica on line, 01-20-99,(Minskaya voblastsʹ; Minsk Province); "	Record imported from LCN10 21.2.2011; 			n 81127519	(OCoLC)oca00672421
000988602	location	Howrah (India)	האורה (הודו)		Howrah, India (City),lat; Hawrah (India),lat; 	; ; 							BGN 8/26/81,(Howrah, ppl, 22p0s35ʹN, 88p0s20ʹE; variant: Hawrah); Survey of India.,Town map of Calcutta and Haora, c1986.; BGN, 9-13-88,(Hāora, ppl. 22p0s35ʹN, 88p0s20ʹE; variant; Howrah); Phone call to BGN, 12-2-1988,(Name changed from Howrah to Hāora in April 1983); 	Record imported from LCN10 21.2.2011; 			n 81129746	
000988762	location	Kiev (Ukraine : Oblast)	קייב (אוקראינה : מחוז)		Kiev (Province),lat; Kiev oblast (Ukraine),lat; Kyïvsʹka oblastʹ (Ukraine),lat; Kiyevskaya oblastʹ (Ukraine),lat; Kyïv (Ukraine : Oblast),lat; Kievskai︠a︡ oblastʹ (Ukraine),lat; 	; ; 							Ukraïna [MAP] 1992:,(Kyïvsʹka oblastʹ); BGN gaz., USSR:,v. 3 (Kiyevskaya oblastʹ: OBLT. 50⁰ 15ʹ N., 30⁰ 30ʹ E.); Rad. ent︠s︡ykl. Ukraïny:,v. 2, p. 351 (Kyïvsʹka oblastʹ established 02-27-1932. It replaced the Kyïvsʹkyĭ okruh which had been established in 1925 when the former Kyïvsʹka hubernii︠a︡ was abolished. From 1932 to 1939 many rayons of the Kyïvsʹka oblastʹ were transferred to other contiguous oblasts); Ukr. rad. ent︠s︡ykl.:,v. 5 (Kyïvsʹka oblastʹ; capitol Kyïv); 	Kiev treated as a conventional name per BGN; Record imported from LCN10 21.2.2011; 			n 81132525	(OCoLC)oca00677398
000988844	location	Aachen (Germany : Landkreis)	אאכן (גרמניה : מחוז)		Aachen (Landkreis),lat; 	; ; 							Its Amtliches Mitteilungsblatt.,; 	Record imported from LCN10 21.2.2011; 			n 81133731	
000989013	location	Kayseri İli (Turkey)	קייסרי (טורקיה)		Kaiseri (Turkey : Province),lat; Kaisaria (Turkey : Province),lat; 	; ; 							Galfaian, A. T. K. Chomaklou, c1982 (used in hdg.),CIP introd. (Kaiseri); Phone call to BGN, 10/23/81,(Kayseri İli, prov, 38p0s45ʹN, 35p0s55ʹE; variants: Kaisaria, Kayseri Vilâyeti [earlier name]); 	Old catalog hdg.: Kayseri, Turkey (Province); Official change in usage from vilâyet to il occurred ca. 1960.; Record imported from LCN10 21.2.2011; 			n 81135877	
000989218	location	Łódź (Poland : Voivodeship)	לודז' (פולין : מחוז)		Łódź, Poland (Voivodeship),lat; Województwo Łódzkie (Poland),lat; Województwo Miejskie Łódzkie (Poland),lat; Voïévodie de Lódź (Poland),lat; Łódzkie Voivodship (Poland),lat; 	; ; 							Berezowski, S.,Łódź i województwo łódzkie, 1953.; Rocznik statystyczny województwa łódzkiego, 2000:,t.p. (Łódzkie Voivodship) pref. (In accordance with a new administrative division, in force since 1 January 1999); 	Record imported from LCN10 21.2.2011; 			n 81139988	(OCoLC)oca00684805
000989266	location	Hamburg-Harburg (Hamburg, Germany)	המבורג-אלטונה (המבורג, גרמניה)		Hamburg (Germany).,lat; Hamburg (Germany).,lat; Harburg (Hamburg, Germany),lat; הארבורג (המבורג, גרמניה),heb; 	; ; 							Hamburg (Germany). Baubehörde. Harburg, Übersicht der Bebauungspläne 1:20 000, 1979 (subj.),map recto (Harburg); BGN 8/26/81,(Hamburg-Harburg [Harburg=brief], W. Ger., PPLX (section of Hamburg), 53p0s28ʹN, 10p0s00ʹE); Müllers 1977,(Hamburg-Harburg, Kr Harburg in Winsen (Luhe), Hamburg); Col. Lipp. gaz. 1952,(Harburg-Wilhelmsburg, S district of Hamburg, NW Germany; inc. into Hamburg in 1938, it was formed in 1927 by the combining of Harburg and Wilhelmsburg, separated by the Süderelbe; both Harburg and Wilhelmsburg came toHanover in 1705); Gr. Brockhaus, 16. Aufl. 1954,(since 1951, the former Harburg-Wilhelmsburg, with some other former communities, became Bezirk Harburg of the Freie und Hansestadt Hamburg); 	SUBJECT USAGE: This heading is not valid for use as a geographic subdivision.; For items issued after 1950.; Record imported from LCN10 21.2.2011; 			n 81140627	(OCoLC)oca00685441
000989309	location	Smolenskai︠a︡ oblastʹ (Russia)	מחוז סמולנסק (רוסיה)		Smolenskai︠a︡ oblastʹ (R.S.F.S.R.),lat; Smolenskaya oblastʹ (Russia),lat; Smolensk oblast (Russia),lat; Smolensk, Russia (Province),lat; 	; ; 							BGN per phone 8/3/81,(Smolenskaya oblastʹ 55 00N 33 00N; variant form: Smolensk oblast); 	Record imported from LCN10 21.2.2011; 			n 81141849	
000989543	location	Hannover (Germany : Landkreis)	הנובר (גרמניה : מחוז)		Hanover (Landkreis),lat; 	; ; 							Its 10 [i.e. Zehn] Jahre Kreistag, 1956?,; 	Record imported from LCN10 21.2.2011; 			n 81147291	
000989645	location	Chernivet︠s︡ʹka oblastʹ (Ukraine)	מחוז צ'רנוביץ (אוקראינה)		Chernovitskaya oblastʹ, Ukraine,lat; Chernovit︠s︡kai︠a︡ oblastʹ (Ukraine),lat; Chernovitskaya oblastʹ (Ukraine),lat; Chernivtsi Oblastʹ (Ukraine),lat; Chernivtsy (Ukraine : Oblast),lat; 	; ; 							Tkachuk, L. H. Litologii︠a︡ miot︠s︡enovykh otlozheniĭ, 1956.,; Ukraïna [MAP] 1992:,(Chernivet︠s︡ka oblastʹ); Russia and newly independent nations of the former USSR [MAP] March, 1993:,(Ukraine: Region (Oblastʹ): Chernivtsi); BGN gaz., USSR:,(Chernovitskaya oblastʹ, OBLT.: 48p0s 15ʹ N., 26p0s 00ʹ E.); SSSR, territ.-delenie, 1977:,p. 344 (Chernovit︠s︡kai︠a︡ oblastʹ, established 08-07-1940); Ukr. rad. ent︠s︡ykl.:,v. 12, p. 280-281 (Chernivet︠s︡ʹka oblastʹ, estab. 08-07-40 after uniting Sev. Bukovyny and Khotynsʹkyĭ pov. of Bessarabii︠a︡ with Ukraine); Bolʹsh. sov. ėnt︠s︡ikl., 2nd ed.:,v. 47, p. 170 (Chernovet︠s︡kai︠a︡ oblastʹ estab. 08-07-40 after union of Sev. Bukoviny (seized in 1918 by Rumanian boyars) with Ukraine); Encyc. of Ukraine:,v. 1, p. 437 (Chernivtsi oblast formed 08-07-40 from northern parts of Bukovyna and Bessarabia. Until 13th cent. oblast formed part of Kievan Rusʹ. Then it belonged to the principality of Galicia-Volhynia and from the 2ndhalf of 14th cent. to Moldavia. In 1774 the western part (Bukovynia) was incorporated into Austria, while the northeastern part of this territory was ceded to Russia after 1812 where it was call Bessarabia oblast (later guberniya). From 1919 theentire territory was controlled by Rumania until 1940); 	Record imported from LCN10 21.2.2011; 			n 81150063	
000989675	location	Bouvignies (France)	בוביניי (צרפת)			; ; 							Muchembled, R. Les derniers bûchers, c1981 (subj.),p. 11 (Bouvignies, village flamand); Dic. des communes, 1977:,p. 142 (Bouvignies, ar. Douai, Flandre); BGN 11-10-81,(Bouvignies, ppl., 50p0s26ʹN-3p0s15ʹE; no variants); 	Record imported from LCN10 21.2.2011; 			n 81151647	
000990265	location	Koszalin (Poland : Voivodeship)	קושאלין (פולין : מחוז)		Koszalin, Poland (Voivodeship),lat; Województwo Koszalińskie (Poland),lat; 	; ; 							BGN phone call, 12/15/81,(Koszalin, short form; Województwo Koszalińskie, long form; 54p0s00ʹN, 16p0s00ʹE, 1st order administrative division); 	Record imported from LCN10 21.2.2011; 			n 82010812	
000990777	location	Cortland (N.Y.)	קורטלנד (ניו יורק)		קארטלאנד( ניו יורק),heb; 	; ; 							GeoNames, algorithmically matched, 2009,(ppl; 42°36ʹ04ʺN 076°10ʹ50ʺW); 	Old catalog heading: Cortland, N.Y.; Record imported from LCN10 21.2.2011; 6xx fields added from 2014 LCNA file; 			n 82020174	
000992174	location	Islip (N.Y. : Town)	איסליפ (ניו יורק)		Islip (Long Island, N.Y. : Town),lat; 	; ; 							Wheeler, S. A map of the toundship of Islip ... 1981:,map recto (Toundship of Islip, 1798); Rand McNally comm. atlas, 1980,(Islip, Town, in Suffolk Co.); 	Record imported from LCN10 21.2.2011; 			n 82049498	(OCoLC)oca00746445
000992332	location	Udine (Italy : Province)	אודינה (איטליה)		Udine, Italy (Province),lat; Videmska pokrajina (Italy),lat; 	; ; 							GeoNames, algorithmically matched, 2009,(adm3; 46°03ʹ40ʺN 013°14ʹ13ʺE); 	Record imported from LCN10 21.2.2011; 6xx fields added from 2014 LCNA file; 			n 82054992	
000993540	location	Rovigo (Italy)	רוויגו (איטליה)		Rovigo, Italy,lat; Rhodigium (Italy),lat; רוביגו (איטליה),heb; רויגו (איטליה),heb; 	; ; 							Rovigo, Italy. Laws, statutes, etc. Statuta Rhodigij, Lendenariae ... 1648.,; 	Record imported from LCN10 21.2.2011; 			n 82084201	
000993934	location	Corinth (Greece)	קורינתוס (יוון)		Corinth, Greece,lat; Kórinthos (Greece),lat; Corinto (Greece),lat; Corinthe (Greece),lat; 	; ; 							Meletzēs, S. Korinth, Mykene, Tiryns, Nauplia, 1980, c1976 (subj.),t.p. (Korinth); BGN Phone call, 5/26/82,(Corinth [conventional] Kórinthos [Greek] ppl. 37p0s 55ʹ N 22p0s 53ʹ E); Papyros-Larous.,(Korinthos); Corinto e l'Occidente, 1995:,p. 13 (Corinthe); 	Record imported from LCN10 21.2.2011; 			n 82093760	
000994328	location	Cortlandt (N.Y. : Town)	קורטלנד (ניו יורק)		Cortlandt, N.Y. (Township),lat; Cortlandt (N.Y.),lat; 	; ; 							Friedman, G. M. The origin of spinal-emery deposits ... 1956.,; Rand McNally comm. atlas, 1992,(Cortlandt, Town of, in Westchester Co.; no PPL of same name); 	Record imported from LCN10 21.2.2011; 			n 82105431	
000994608	location	Veracruz (Veracruz-Llave, Mexico)	ורקרוז (מקסיקו : מדינה)		Vera Cruz (City),lat; Veracruz Llave (Mexico),lat; Villa Rica de la Vera Cruz (Mexico),lat; Vera Cruz (Veracruz-Llave, Mexico),lat; Heroica Veracruz (Mexico),lat; Veracruz (Veracruz, Mexico),lat; 	; ; 							BGN request of 4/25/82,(Veracruz [brief] Llave, ppl, 19p0s 12ʹ N, 96p0s 08ʹ W; variants: Vera Cruz; Heroica Veracruz); BGN Gaz. Mexico 1992,(Veracruz; ppl. 19p0s12ʹ 96p0s08ʹW); Times Atlas of the world, 1983,(hdg.: Veracruz); GEOnet, Feb. 21, 2001,(Veracruz--PPL, 19p0s12'N 96p0s08'W, variants: Veracruz Llave, Heroica Veracruz); 	Older ref. sources attributed the name Veracruz Llave to the city when in fact it is formally the name of the State by a decree in 1863 (Encic. de México, 1987); Veracruz is always the form used in ref. sources and is the current form of name inBGN.; Record imported from LCN10 21.2.2011; 			n 82111837	(OCoLC)oca00808269
000995360	location	Mafikeng (South Africa)	מייפקינג (דרום אפריקה)			; ; 							Ross, E. Diary of the siege of Mafeking ... 1980 (subj.),t.p. (Mafeking); BGN,(Mafikeng, ppl., 25p0s52ʹS. 25p0s39ʹE; Mafeking (until 1980)); 	Record imported from LCN10 21.2.2011; 			n 82135767	
000995411	location	Mafeking (South Africa)	מייפקינג (דרום אפריקה)		Mafeking, South Africa,lat; 	; ; 							Midgley, J. F. Petticoat in Mafeking, 1974.,; BGN,(Mafikeng, ppl., 25p0s52ʹS. 25p0s39ʹE.; Mafeking (until 1980)); 	SUBJECT USAGE: This heading is not valid for use as a subject. Works about this place are entered under Mafikeng (South Africa).; Record imported from LCN10 21.2.2011; 			n 82136934	
000995666	location	Baluchistan (Pakistan)	בלוצ'יסטן (פקיסטן)		Beludschistan (Pakistan),lat; Balūčestān (Pakistan),lat; 	; ; 							Buḵẖārī, Sayyid Maḥmūd Shāh. Tārīḵẖ-i Balocistān, 1983:,t.p. (Balocistān); Info. from LOC, Karachi,(Baluchistan changed to Balochistan); Masson, C. Reisen in Beludschistan, Afghanistan, und dem Pendschab während eines 12jährigen Aufenthalts in diesen Ländern von 1826 bis 1838, 1851.,; Massoudieh, M.T. Musik in Balūčestān, 1988.,; 	SUBJECT USAGE: This heading is not valid for use as a subject. Works about this place are entered under Balochistān (Pakistan); For works issued before 01-01-90.; Old catalog heading: Baluchistan; Record imported from LCN10 21.2.2011; 			n 82144395	
000996375	location	Irkutskai︠a︡ oblastʹ (Russia)	מחוז אירקוטסק (רוסיה)		Irkutsk, Siberia (Province),lat; Irkutskai︠a︡ oblastʹ (R.S.F.S.R.),lat; Irkutskaya oblastʹ (Russia),lat; Irkutsk (Russia : Oblast),lat; 	; ; 			Formed 1937; 				BGN, per phone call, 11/16/81,(Irkutskaya oblastʹ; 2nd order admin. div.; 56p0s00ʹN 106p0s00ʹE); CIA. Russia: Admin divisions [MAP], 08-94,(Oblast: Irkutsk); Russian and the newly independent nations of the former USSR [MAP] March, 1993:,(Oblastʹ: Irkutsk); Col.-Lipp. gaz., 1962,(Irkutsk, oblast, Russian SFSR); 	Record imported from LCN10 21.2.2011; 			n 82164452	
000996941	location	Nardò (Italy)	נרדו (איטליה)		Nardò, Italy,lat; 	; ; 							Frascadore, A. Le pergamene del Monastero di S. Chiara di Nardò (1292-1508), 1981:,t.p. (Nardò); LC data base, 1-5-84,(hdg.: Nardò, Italy); BGN,(Nardò, ppl. 40p0s 11ʹ N., 18p0s 02ʹ E.; verified 1/5/84); 	Record imported from LCN10 21.2.2011; Record enhanced with cross references from NNL13-000003495; 			n 82233161	
000997450	location	Żywiec (Poland)	אזור ז'יבייץ (פולין)		Saybusch (Poland),lat; Zwyiec (Poland),lat; 	; ; 							Hermanowicz, H. Ziemia Żywiecka, 1982:,p. 6 (Żywiec); BGN phone call, 1-20-84,(Żywiec, ppl. 49p0s41ʹN, 19p0s13ʹE; variants: Saybusch, Zwyiec); 	Record imported from LCN10 21.2.2011; 			n 82250688	
000998127	location	Arkhangelʹskai︠a︡ gubernii︠a︡ (R.S.F.S.R.)	ארכנגלסק (רוסיה : מחוז)		Arkhangelʹskai︠a︡ gubernīi︠a︡ (Russia),lat; Archangel, Russia (Government),lat; Archangel (Russia : Guberniya),lat; Arkhangelʹsk (Russia : Guberniya),lat; 	; ; 							"Krestʹi︠a︡nskai︠a︡ semʹi︠a︡ i ""Semeĭnai︠a︡ sobstvennostʹ"" v Arkhangelʹskoĭ gubernīi, 1912:,t.p. (Arkhangelʹskoĭ gubernīi); "	Record imported from LCN10 21.2.2011; 			n 83011191	
000998203	location	Korinthia (Greece)	קורינתוס (יוון)		Corinthia (Greece),lat; Nomos Korinthias (Greece),lat; 	; ; 							BGN Phone call 12/07/82,(Korinthía [brief] Korinthías, Nomos; Admd 37p0s 55ʹ N 22p0s 40ʹ E); 	Record imported from LCN10 21.2.2011; 			n 83014433	
000998231	location	Hannover (Germany : Province)	הנובר (גרמניה : מחוז)		Hanover (Province),lat; Hanover (Germany : Province),lat; 	; ; 								Hannover became an electorate in 1692, a kingdom in 1814, and a province of Prussia in 1866. In 1871, Prussia became a part of Germany. In 1946, the province was absorbed into Lower Saxony; Record imported from LCN10 21.2.2011; 6xx fields added from 2014 LCNA file; 			n 83015143	
000998520	location	Magdeburg (Germany : Bezirk)	מגדהבורג (גרמניה : מחוז)		Magdeburg (Bezirk),lat; 	; ; 							Halle (Bezirk). Mitteilungsblatt, 1952.,; Tourist Verlag. Verwaltungskarte. Bezirk Magdeburg, 1:200 000, c1981:,map recto (shows northern part of Saxony-Anhalt including Landkreis Zerbst in Regierungsbezirk Dessau; doesn't include Landkreis Quedlinburg in Regierungsbezirk Magdeburg); Enc. Brit., c1978,(Magdeburg, Bezirk; formed in 1952 from the northern part of Sachsen-Anhalt); BGN 1-15-91,(former entry: Magdeburg [brief], Bezirk; ceased); 	SUBJECT USAGE: This heading is not valid for use as a subject. Works about this place are entered under Magdeburg (Germany : Regierungsbezirk).; Record imported from LCN10 21.2.2011; 			n 83025692	
000998881	location	Silesia (Czechoslovakia)	שלזיה (צ'כיה)		Silesia, Czechoslovak Republic (Province),lat; Slezsko (Czechoslovakia),lat; Schlesien (Czechoslovakia),lat; Zeme Slezska (Czechoslovakia),lat; 	; ; 								SUBJECT USAGE: This heading is not valid for use as a subject. Works about this place are entered under the subject heading Silesia (Czech Republic); Record imported from LCN10 21.2.2011; 6xx fields added from 2014 LCNA file; 			n 83032746	
001001454	location	Meaux (France)	מיו (צרפת)		מו (צרפת),heb; מיאש (צרפת),heb; 	; ; 							Le Grand siècle en pays de Meaux, Bossuet, 1982 (subj.),t.p. (Meaux); BGN 7-18-83,(Meaux, ppl, 48p0s57ʹN, 2p0s52ʹE; Seine-et Marne Dept.); 	Record imported from LCN10 21.2.2011; Record enhanced with cross references from NNL13-000001336; 			n 83215583	
001002245	location	Pembroke Park (Fla.)	פמברוק פיינס (פלורידה)		Pembroke (Broward County, Fla.),lat; פמברוק פינס (פלורידה),heb; 	; ; 							White, J. C. Town of Pembroke Park, city map, 1975? (a.e.),map recto (Town of Pembroke Park); Rand McNally comm. atlas, 1982,(Pembroke Park (Pembroke), in Broward Co.; inc.); 	Record imported from LCN10 21.2.2011; 			n 83227949	
001002254	location	Pembroke Pines (Fla.)	פמברוק פיינס (פלורידה)		Pembroke Pines, Fla.,lat; 	; ; 							City of Pembroke Pines, 1983? (subj.),map recto (City of Pembroke Pines); LC data base, 8-10-83,(hdg.: Pembroke Pines, Fla.); Rand McNally comm. atlas, 1982,(Pembroke Pines, in Broward Co.; inc.); 	Record imported from LCN10 21.2.2011; 			n 83227964	
001002276	location	Kassel (Germany : Landkreis)	קאסל (גרמניה : מחוז)		Kassel (Landkreis),lat; 	; ; 							Jahrbuch (Kassel (Germany : Landkreis). Kreisausschuss) Jahrbuch, '83:,t.p. (... Landkreises Kassel); LC data base, 12-6-83,(hdg.: Kassel (Landkreis)); BGN, 12-7-83,(Landkreis Kassel [Kassel=brief] 3rd order administrative division, 51p0s 19ʹN, 9p0s 30ʹE); 	Record imported from LCN10 21.2.2011; 				
001003345	location	Culhuacán (Mexico)	קויואקאן (מקסיקו)		Culiacán (Distrito Federal, Mexico),lat; Colhuacán (Mexico),lat; Culuacán (Mexico),lat; 	; ; 							The Testaments of Culhuacan, c1984.,; Phone call to BGN, 7/10/84,(Culhuacán, ppl, 19p0s29ʹN 99p0s06ʹW; variants; Culiacán, Colhuacán, Culuacán); Phone call to BGN, 3/3/87,(Culhuacán, Distrito Federal, Mexico); 	Record imported from LCN10 21.2.2011; 			n 84043828	
001006235	location	Kassel (Germany : Regierungsbezirk)	קאסל (גרמניה : מחוז)			; ; 							Bramm, O. Bericht und Ergebnisse einer Grabung ... 1978,(name not given); BRD. Staatshandb., Hessen, 1981,(Regierungsbezirk Kassel); 	Record imported from LCN10 21.2.2011; 			n 84208750	
001006282	location	Chamberet (France)	שמברי (צרפת)			; ; 							Borzeix, D. Histoire de Chamberet, 1981.,; Dict. des communes, 1974,(Chamberet, in Corrèze dép., France); BGN, 2-15-85,(Chamberet, ppl, 45p0s35ʹN, 1p0s43ʹE); 	Record imported from LCN10 21.2.2011; 			n 84213129	
001006354	location	Madrid (Spain : Region)	מדריד (ספרד : מחוז)		Comunidad Autónoma de Madrid (Spain),lat; Comunidad de Madrid (Spain),lat; CAM,lat; 	; ; 							Its Estatuto de autonomía de la Comunidad de Madrid, c1983?:,p. 5, etc. (Comunidad Autónoma de Madrid; territory consists of those cities within administrative limits of Provincia de Madrid; official name is Comunidad de Madrid; seat of govt. is city of Madrid; powers of auton. govt. exercised throughAsamblea de Madrid, Consejo de Gobierno, and Presidente de la Comunidad); Encuesta seroepidemiológica en la Comunidad de Madrid ... 1990:,introd. (CAM); 	Record imported from LCN10 21.2.2011; 			n 84219159	(OCoLC)oca01239965
001006846	location	Cuzco (Peru : Province)	קוסקו (פרו : מחוז)		Cusco (Peru : Province),lat; 	; ; 							Literatura cusqueña contemporánea, 1984:,t.p. (Cusco); BGN request, 2/8/85,(Provincia de Cusco [Cusco=brief]; 2nd order ADMD; 13p0s 30ʹ S, 72p0s 00ʹ W; variants: Provincia de Cuzco; Provincia Cuzco); 	Record imported from LCN10 21.2.2011; 			n 85012538	
001009364	location	Komárno (Západoslovenský kraj, Slovakia)	קומרנה (סלובקיה)		Komorn (Slovakia),lat; Komárom (Slovakia),lat; Komarnom (Slovakia),lat; Révkomárom (Slovakia),lat; קומרנא (סלובקיה),heb; 	; ; 							Slovenská kartografia. Nitra, Žiar nad Hronom, Komárno, automapa okolia, 1975, c1971.,; BGN, 7-17-86,(Komárno, PPL, 47p0s 46ʹ N 18p0s 08ʹ E; variants: Komorn, Komárom, Komarnom; cites several others); Az Önkormányzat az önrendelkezés alapja, 1995:,p. 6 (Révkomárom [Hungarian name for Komárno, Slovakia]); 	Record imported from LCN10 21.2.2011; Record enhanced with cross references from NNL13-000002902; 			n 85137323	
001009467	location	Karamoja District (Uganda)	מחוז קרמוג'ה (אוגנדה)		Karamoja, Uganda,lat; Karamojo District (Uganda),lat; Karamoja (Uganda),lat; 	; ; 							Uganda. Karamoja Security Committee. Report of the Karamoja ... 1961?:,foreword (Karamoja District) p. iii (Karamoja); LC data base, 1/16/86,(hdg.: Karamoja, Uganda; usage: Karamoja, Uganda; Karamoja; Karamoja District); BGN gaz., Uganda, 1964,(Karamoja [brief] District; Karamojo District see Karamoja District); Col. Lipp. gaz., 1966,(Karamoja, district, Uganda); GEOnet, Sept. 24, 2001,(Karomoja [short form] Province--ADM1, 02p0s45'N 34p0s15'E, variant: Karamoja District [earlier name]); 	SUBJECT USAGE: This heading is not valid for use as a subject. Works about this place are entered under Karamoja Province (Uganda); Record imported from LCN10 21.2.2011; 			n 85139171	
001010740	location	Odesskai︠a︡ gubernii︠a︡ (Ukraine)	מחוז אודסק (אוקראינה)		Odesʹka hubernii︠a︡ (Ukraine),lat; 	; ; 							Ėnt︠s︡iklopedicheskiĭ slovarʹ Russkogo bibliograficheskogo instituta Granat, 7-e izd.:,v. 45, pt. 2, c. 198 (Khersonskai︠a︡ gubernii︠a︡, in 1919 divided into two gubernii, Odesskai︠a︡ and Nikolaevskai︠a︡, that merged in 1922 to form Odesskai︠a︡ gubernii︠a︡); 	Record imported from LCN10 21.2.2011; 			n 85192685	
001010742	location	Smolenskai︠a︡ gubernii︠a︡ (R.S.F.S.R.)	מחוז סמולנסק (רוסיה)			; ; 							Zhbankov, D. Materīaly o rasprostrannenīi sifilisa i venericheskikh zaboli︠e︡vanīĭ v Smolenskoĭ gubernīi [MI] 1896.,; Bolʹshai︠a︡ sovetskai︠a︡ ėnt︠s︡iklopedii︠a︡, v. 51, 1945:,col. 477 (Smolenskai︠a︡ gubernii︠a︡. In 1937 Smolenskai︠a︡ oblastʹ was formed. It chiefly consists of territory formerly in Smolenskai︠a︡ gubernii︠a︡); 	Record imported from LCN10 21.2.2011; 			n 85192875	
001012030	location	Diyarbakr (Turkey)	דיארבקיר (טורקיה)		Diyarbakr Belediyesi (Turkey),lat; Diyarbekir (Turkey),lat; Amed (Turkey),lat; 	; ; 							Kentsel yerler hanehalk isgucu anket sonuclar. Diyarbakr, 1982:,t.p. (Diyarbakr); BGN gaz. of Turkey, 1984,(Diyarbakr, ppl, 37⁰0ʹ 55N 40⁰0ʹ 14E, in Diyarbakr Ili; variants: Diyarbekir, Diyarbakr); Beysanoglu, S. Antlar ve kitabeleri ile Diyarbakr tarihi, 1987- :,v. 2, t.p. verso (Diyarbakr Belediyesi); Batgi, M. Sujin, 2003:,p. 1 (Amed); 	Record imported from LCN10 21.2.2011; 			n 85272750	
001013811	location	Casares (Spain)	קסרס (ספרד)			; ; 							Puertas Tricas, R. Estudios sobre la ciudad romana de Lacipo (Casares, Málaga), 1980.,; BGN,(Casares, ppl, 36p0s 27ʹ N., 5p0s 17ʹ W.; verified 3-20-86); 	Record imported from LCN10 21.2.2011; 			n 85366853	
001013908	location	Strasburg (Germany)	שטרסבורג (גרמניה)			; ; 							Beuleke, W. Die Südfranzosen in den uckermärkischen Hugenottenkolonien ... 1980:,t.p. (Strasburg); BGN 12-11-85,(Strasburg, ppl, 53p0s 31ʹ N, 13p0s 45ʹ E; E.-Ger.); 	Record imported from LCN10 21.2.2011; 			n 85375335	
001016680	location	Bobigny (France)	בוביניי (צרפת)		Bobigny, France,lat; בוביני (צרפת),heb; 	; ; 							Fourcaut, A. Bobigny, banlieue rouge, c1986:,t.p. (Bobigny); Dic. nat. des communes de France, c1984,(Bobigny 93008 Seine-Saint-Denis); LC data base, 9-24-87,(hdg.: Bobigny, France); 	Record imported from LCN10 21.2.2011; 			n 87823265	
001017185	location	Batanes (Philippines)	איי בטאן (פיליפינים)		Province of Batanes (Philippines),lat; 	; ; 							Llorente, A.M.M. A blending of cultures, 1983:,t.p. (The Batanes) p. 3 (in the northernmost part of the Philippine Archipelago, the smallest province; located 121p0s50ʹ to 122p0s longitude and 20p0s40ʹ north latitude); Prel. NIS gaz. Philipp. Islands, 1953,(Batanes, Province of); 	Record imported from LCN10 21.2.2011; 			n 87873267	
001019412	location	Hāora (India)	האורה (הודו)			; ; 							Survey of India. Town map of Calcutta and Haora, c1986.,; BGN, 9-13-88,(Hāora, ppl, 22p0s35ʹN, 88p0s20ʹE; variant: Howrah); LC data base, 11-23-88,(hdg.: Howrah (India)); Phone call to BGN, 12-2-1988,(Name changed from Howrah to Hāora in April 1983); 	Record imported from LCN10 21.2.2011; 			n 88080887	
001020712	location	Zuidland (Netherlands)	דרום הולנד (הולנד)			; ; 							Uitgeverij en Reclame-Adviesbureau Rijnland. Plattegrond van Gemeente Bernisse, Abbenbroek ... 1988?:,map recto (Zuidland); BGN gaz. Neth., 2nd ed., 1982,(Zuidland, PPL, 51p0s49ʹN 4p0s16ʹE, Zuid-Holland); 	Record imported from LCN10 21.2.2011; 			n 88160769	
001021430	location	Sindh (Pakistan)	סינד (פקיסטן)			; ; 							Mihrucandu, Bherūmal. Sindhu jo sailānī, 1983.,; Info. from LOC, Karachi, 4-5-89,(Sind changed to Sindh); BGN, 12-20-89,(Sindh, Adm 1 25p0s30'N 69p0s00' E); 	For works issued after 12-31-89.; Record imported from LCN10 21.2.2011; 			n 88193625	
001022823	location	Nardodipace (Italy)	נרדו (איטליה)		Nardo di Pace (Italy),lat; 	; ; 							L'Assenza del presente, 1981:,p. 21 (Nardo di Pace); BGN,(Nardodipace, popl. 38p0s 26ʹ N., 16p0s 21ʹ E.); Nuovo diz. comuni e frazioni di comune, 1984,(Nardodipace); 	Record imported from LCN10 21.2.2011; 			n 88275307	
001023665	location	Buc (Yvelines, France)	אשר (איוולין, צרפת)			; ; 							Versailles, le Grand Aqueduc de Buc 1686 ... c1986.,; Dict. nat. des communes de France, c1984,(Buc, commune, dép. Yvelines, arr. Versailles; lists also a commune Buc in terr. de Belfort); BGN gaz. France, 1964,(Buc, ppl, 48p0s46ʹN, 2p0s08ʹE, Seine-et-Oise; lists also Buc in terr. de Belfort); 	Record imported from LCN10 21.2.2011; 			n 88664248	
001026690	location	Balochistān (Pakistan)	בלוצ'יסטן (פקיסטן)		Balocistān (Pakistan),lat; Belutschistan (Pakistan),lat; 	; ; 							Buḵẖārī, Sayyid Maḥmūd Shāh. Tārīḵẖ-i Balocistān, 1983:,t.p. (Balocistān); BGN, 12-20-89,(Balochistān, Adm 1 28p0s00'N 66p0s00'E); Info. from LOC, Karachi,(name changed from Baluchistan to Balochistan); Keramik aus Nord-Belutschistan, c1993:,p. 12 (Belutschistan is Pakistan's largest province); 	For works issued after 12-31-89.; Record imported from LCN10 21.2.2011; 			n 90619907	
001026885	location	Karamoja Province (Uganda)	מחוז קרמוג'ה (אוגנדה)		Karamoja (Uganda),lat; 	; ; 							BGN req., Karamoja Province, Uganda, 04-09-90,(Karamoja [brief] Province, ADM1, 2p0s45ʹN 34p0s15ʹE); Foreign names information bulletin, Sept. 1, 1994,(former name: Karomoja [short form] Province--ADM1, 02p0s45'N 34p0s15'E; new name: delete); GEOnet, Sept. 24, 2001,(Karomoja [short form] Province--ADM1, 02p0s45'N 34p0s15'E, variant: Karamoja District [earlier name]); 	Record imported from LCN10 21.2.2011; 			n 90629705	
001026944	location	Tambovskai︠a︡ gubernii︠a︡ (R.S.F.S.R.)	מחוז טמבוב (רוסיה)		Tambov Province (R.S.F.S.R.),lat; Tambov, Russia (Province),lat; 	; ; 							Kustarnye promysly Tambovskoĭ gubernii. Kustarnye promysly Tambovskoĭ gubernīi, 1900.,; LC PreMARC file,(hdg.: Tambov, Russia (Province); usage: Tambovskoĭ gubernīi); NUCMC data from Columbia Univ. Libraries, Bakhmeteff Archive (New York, N.Y.) for Andreevskiĭ, V. M.,(Tambov Province); Bolʹsh. sov. ėnt︠s︡ikl., 1970- :,v. 7, p. 425-428 (Tambovskai︠a︡ gubernii︠a︡; formed 1796; probably dissolved sometime between 1924 and 1927) v. 25, p. 243 (Tambovskai︠a︡ oblastʹ; est. 09/27/1937); 	Record imported from LCN10 21.2.2011; 			n 90635500	
001028467	location	Kiev (Ukraine : Guberniya)	קייב (אוקראינה : מחוז)		Kiev (Government),lat; Kievskai︠a︡ gubernii︠a︡ (Ukraine),lat; Kyïvsʹka hubernii︠a︡ (Ukraine),lat; Kievskai︠a︡ guberniīi︠a︡ (Russia),lat; 	; ; 							Katalog fonda revizii senatora A.A. Polovt︠s︡ova Kievskoĭ i Chernigovskoĭ gubernii 1880-1881, 1960.,; LC PreMARC file,(hdg.: Kiev (Government)); Bolʹsh. sov. ėnt︠s︡., 3rd ed., v. 7, p. 1270,(Kievskai︠a︡ gubernii︠a︡, est. 1708, phased out during 1924-1929); NUC pre-56,(hdg.: Kiev (Government)); 	Record imported from LCN10 21.2.2011; 			n 91036554	
001029662	location	Turkmenistan	טורקמניסטן		Respublika Turkmenistan,lat; Republic of Turkmenistan,lat; Turkmenostan Respublikasy,lat; 	; ; 							"BGN, 12-12-91,(Turkmenistan [conv.]; ADM1; 40⁰ 00ʹ N 60⁰ 00ʹ E; former name: Turkmenskaya Sovetskaya Sotsialisticheskaya Respublika; approved by FNC); BGN per phone, 12-31-91,(U.S. Dept. of State has not recognized Turkmenistan 'de jure' as independent political entity); BGN. Foreign names info. bull., Feb. 1992, surrogate:,p. 5 (former name: Turkmenskaya Sovetskaya Sotsialisticheskaya Respublika [Russian]; Turkmen Soviet Socialist Republic [conventional]; ADM1: new name: Turkmenistan [brief], Republic of: PCL1, 40⁰ 00ʹ N, 60⁰ 00ʹ E); LC Russian books file, 04-12-95,(1992-93 hdgs.: Turkmenistan; usage: Turkmenistan, Respublika Turkmenistan); CIA. Russia: admin. divisions [MAP] Aug., 1994:,(Turkmenistan); GEOnet WWW, 06-04-96,(Turkmenistan [conventional]; Turkmenistan [Turkmen], PCL1: 40⁰ 00ʹ 00"" N., 60⁰ 00ʹ 00"" E.); The statesman's year-book, 1995-1996:,p. 423 (Turkmenistan; Turkmenostan Respublikasy [in rom.]); "	DESCRIPTIVE USAGE: Name heading for the government after 1991 and qualifier for places within the country.; Record imported from LCN10 21.2.2011; 			n 91129790	(OCoLC)oca03082661
001030333	location	Nowy Wiśnicz (Poland)	וישניצה (פולין)		Wiśnicz Nowy (Poland),lat; 	; ; 							Książek, M. Miasta prywatne Wiśnicz Nowy i Kolbuszowa, 1990:,t.p. (Wiśnicz Nowy) p. 4 (w ziemi krakowskiej); BGN 03-27-92,(Nowy Wiśnicz, ppl. 49p0s55ʹN, 20p0s28ʹE, x-ref from Wiśnicz Nowy); 	Record imported from LCN10 21.2.2011; 			n 92034394	
001030443	location	Irkutskai︠a︡ gubernii︠a︡ (R.S.F.S.R.)	מחוז אירקוטסק (רוסיה)		Irkutskai︠a︡ gubernii︠a︡ (Russia),lat; 	; ; 							Revoli︠u︡t︠s︡ionnoe dvizhenie v Irkutskoĭ gubernii v period pervoĭ russk. rev., 1955.,; Bolʹsh. sov. ėnt︠s︡., 3rd ed., v. 7, p. 428 (Irkutskai︠a︡ gubernii︠a︡, est. 1764) v. 18, p. 185 (Irkutsk. gub., R.S.F.S.R., in 1922 part given over to I︠A︡kut. ASSR and Buri︠a︡t-Mongol. AO; on 6/26/26 became part of Sibirskiĭ kraĭ),; 	Record imported from LCN10 21.2.2011; 			n 92042446	(OCoLC)oca03154955
001030560	location	Tomaszów Lubelski (Poland)	טומשוב לובלסקי (פולין)		Ṭomashov Lubelsḳi (Poland),lat; Tomaszów Ordynachi (Poland),lat; Tomaszów Zamojski (Poland),lat; Tomaszów Ordynacki (Poland),lat; Tomaszow Lubenski (Poland),lat; Tomashiv (Poland),lat; טאמאשאוו (פולין),heb; טאמשוב (פולין),heb; טומשוב (פולין),heb; טאמשאב (פולין),heb; טמשוב (פולין),heb; טאמאשוב (פולין),heb; 	; ; 							Sefer Pinat yiḳrat, c1968:,t.p. (Ṭomashov Lubelsḳi); BGN,(Tomaszów Lubelski, 50p0s27ʹN 23p0s25ʹE); Enc. Jud., c1971,(Tomaszow Lubelski, Lublin province); Lippincott,(Tomaszow Lubelski, Russ. Tomashov, also called Tomaszow Ordynachi [sic] and Tomaszow Zamojski); Szkice z przeszłości miasta kresowego, 1994:,intro. (... Tomaszowie Lubelskim; Tomaszów Ordynacki); 	Record imported from LCN10 21.2.2011; Record enhanced with cross references from NNL13-000000967; Record enhanced with cross references from NNL13-000004064; 			n 92051307	
001031544	location	Komi (Russia)	קומי (רוסיה)		Pravitelʹstvo Respubliki Komi,lat; Komi Republic (Russia),lat; Respublika Komi (Russia),lat; Republic of Komi (Russia),lat; RK,lat; 	; ; 					c,Russia (Federation); 2,naf; 		BGN. Foreign names info bull., June 1992, surrogate:,p. 6 (ADM2, 64p0s00ʹN 54p0s00ʹE; former name: Komi Avtonomnaya Sovetskaya Sotsialisticheskaya Respublika; new provisional name: Komi); Russia and the newly independent nations of the former USSR [MAP] Jan., 1993:,(Russian Federation: Republic: Komi); BGN. Admin. divisions in Russia, Nov. 1993:,(Komi Republic); Delovai︠a︡ kniga RAU. Rossii︠a︡-93:,v. 2, p. 13 (Respublika Komi; capital Syktyvkar); BGN Geographic notes, Winter '93:,p. 17 (Republic(s): Komi); Respublika Komi, 1992.,; LC Resbib file, 07-22-97,(hdg.: Komi, Respublika; usage: Respublika Komi); CIA. Russia: Administrative Divisions, Aug. 1994:,(Komi Republic); Prirodnye resursy t︠s︡entralʹnykh raĭonov Respubliki Komi, 1995:,t.p. (RK); Geologo-geofizicheskoe obosnovanie i osnovnye napravlenii︠a︡ geologo-razvedochnykh rabot an gaz v Kosʹi︠u︡-Rogovskoĭ vpadine, 1995:,t.p. (Pravitelʹstve Respubliki Komi); 	Record imported from LCN10 21.2.2011; 3xx field(s) added from 2014 LCNA file; 			n 92108249	(OCoLC)oca03267428
001031850	location	Szczucin (Poland)	שצ'וצ'ין (פולין)			; ; 							Rozenblum, S.-A. Les temps brisés, c1992:,p. 11 (Szczucin); NIS gazetteer of Poland, 1988:,v. 2, p. 1097 (Szczucin; ppl. 50p0s18ʹN 21p0s04ʹE); Encyk. Powsz. PWN, 1976:,v. 4, p. 348 (Szczucin located in Woj. Tarnowskie on the Vistula river); 	Record imported from LCN10 21.2.2011; Record enhanced with cross references from NNL13-000003653; 			n 93002508	
001032117	location	Katerynoslav (Ukraine)	דניפרופטרובסק (אוקראינה)		Ekaterinoslav (Ukraine),lat; 	; ; 							Ukr. rad. ents.:,v. 3, p. 399 (Dnipropetrovsk; until 1926 Katerynoslav; city, oblast, and rayon center of Dnipropetrovska oblast. Established in 1776 under name of Katerynoslav. From 1783 administrative center of Katerynoslavske namisnytstvo. In 1797 Katerynoslav renamed Novorosiisk [no publs. in LC data base], and served as center of Novorosiiska huberniia. In 1802 the city resumed its former name of Katerynoslav, and served as center of the Katerynoslavska huberniia. Since 1932 Dnipropetrovsk has been the center of Dnipropetrovska huberniia); Rad. entsykl. istorii Ukrainy:,v. 2, p. 40-43 (Dnipropetrovsk (until 1926 named Katerynoslav). Established 1777 in honor of Empress Kateryna II. In 1797 renamed Novorosiisk [no publs. in LC data base], and resumed former name Katerynoslav in 1802. The city was occupied during 1918 by Austro-Hungarian troops, and in 1919 by White Army troops. On 12-30-1919 Red Army troops liberated Katerynoslav. From 1925 Katerynoslav was the center of Katerynoslavskyi okruh (from 1932 named Dnipropetrovska oblast); SSSR, admin.-territ. delenie, 1977:,p. 278 (Dnepropetrovsk; city established ca. 1777 as Ekaterinoslav, renamed Novorossiisk [no publs. in LC data base], then again renamed Ekaterinoslav in 1802 until 1929 when it was renamed Dnepropetrovsk); Russ. Brockhaus:,v. 11, p. 587 (Ekaterinoslav, city and guberniya center of Ekaterinoslavskaia guberniia. Established in 1778 as an uiezd [district] town, in 1783 the town was relocated due to unhealthy conditions. The city was renamed under Emperor Pavel I as Novorossiisk [no publs. in LC data base] but resumed its original name in 1802 under Emperor Aleksandr I); Encyc. of Ukraine:,v. 1, p. 702-703 (Dnipropetrovske or Dnipropetrovsk, city on the Dnieper River. Third largest city in Ukraine, and center of its metallurgical industry. Until 1926 called Katerynoslav. Founded 1776 by Prince G. Potemkin, and named after Empress Catherine II. Renamed Novorossiisk in 1797 until it resumed original name in 1802. In 1926 Katerynoslav was amalgamated with the town of Amur-Nyzhniedniprovskyi [no publs. on LC data base] and renamed Dnepropetrovske); 	For ca. 1776-1926 imprints only; Old catalog heading: Dnepropetrovsk; Record imported from LCN10 21.2.2011; 			n 93016659	
001032789	location	Kruty (Ukraine)	קרוטי (אוקראינה)		Kruty, Ukraine,lat; 	; ; 							Battle of Kruty, 1958:,t.p. (Kruty); BGN gaz., USSR,(Kruty; popl. 51p0s 04ʹ N., 32p0s 06ʹ E.; in Chernihivsʹka oblastʹ; lists another Kruty at 51p0s 05ʹ N., 32p0s 09ʹ E.); LC PreMARC file,(hdg.: Kruty, Ukraine); Ukr. rad. ent︠s︡ykl. slovnyk:,v. 2, p. 202 (Kruty; site of battle of Jan. 1918; located between Niz︠h︡yn and Bakhmach); Ukr. rad. ent︠s︡ykl.:,v. 12, p. 289 (article under Chernihivsʹka oblastʹ: Kruty); 	Record imported from LCN10 21.2.2011; 			n 93058679	
001033202	location	Aachen (Germany : Regierungsbezirk)	אאכן (גרמניה : מחוז)			; ; 							Mnich, J. Die Flächennutzung des Regierungsbezirkes Aachen 1803-1820, 1992?,; BGN gaz., W. Ger., 1960,(Aachen [brief], Regierungsbezirk, ADMD, 50p0s50ʹN 6p0s20ʹE, Nordrhein-Westfalen); 	Record imported from LCN10 21.2.2011; 			n 93084209	
001033942	location	Dnipropetrovsʹk (Ukraine)	דניפרופטרובסק (אוקראינה)		Dnipro (Ukraine),lat; Dnipropetrovske (Ukraine),lat; Sicheslav (Ukraine),lat; Dnepropetrovsk (Ukraine),lat; Dnepropetrovsk (Ukraine),lat; Yekaterinoslav (Ukraine),lat; Dniepropetrovsk (Ukraine),lat; ייכאטירניסלוב (אוקראינה),heb; ייכאטרינוסלאוו (אוקראינה),heb; יעקאטערינאסלאוו (אוקראינה),heb; ייעקאטערינסלאוו (אוקראינה),heb; ייפאטירנוסלוב (אוקראינה),heb; יקטרינוסלב (אוקראינה),heb; דנפרפטרוסק (אוקראינה),heb; דניפרו,heb; 	; ; 							Ukraina [MAP] 1992,(Dnipropetrovsk, center of Dnipropetrovska oblast); http://sicheslav.50g.com/main.html, 03/08/2005:,(Ekaterinoslav was renamed Sicheslav in 1918 by the government of the Ukrainian People's Republic); BGN gaz., USSR,(Dnepropetrovsk, popl.; 48⁰0ʹ 27 N., 34⁰0ʹ 59 E.); Ukr. rad. ents.:,v. 3, p. 399 (Dnipropetrovsk; until 1926 Katerynoslav; city, oblast, and rayon center of Dnipropetrovska oblast. Established in 1776 under name of Katerynoslav. From 1783 administrative center of Katerynoslavske namisnytstvo. In 1797 Katerynoslav renamed Novorosiisk [no publs. in LC data base], and served as center of Novorosiiska huberniia. In 1802 the city resumed its former name of Katerynoslav, and served as center of the Katerynoslavska huberniia. Since 1932 Dnipropetrovsk has been the center of Dnipropetrovska huberniia); Rad. entsykl. istorii Ukrainy:,v. 2, p. 40-43 (Dnipropetrovsk (until 1926 named Katerynoslav). Established 1777 in honor of Empress Kateryna II. In 1797 renamed Novorosiisk [no publs. in LC data base], and resumed former name Katerynoslav in 1802. The city was occupied during 1918 by Austro-Hungarian troops, and in 1919 by White Army troops. On 12-30-1919 Red Army troops liberated Katerynoslav. From 1925 Katerynoslav was the center of Katerynoslavskyi okruh; from 1932 named Dnipropetrovska oblast); SSSR, admin.-territ. delenie, 1977:,p. 278 (Dnepropetrovsk; city established ca. 1777 as Ekaterinoslav, renamed Novorossiisk [no publs. in LC data base], then again renamed Ekaterinoslav in 1802 until 1929 when it was renamed Dnepropetrovsk); Encyc. of Ukraine:,v. 1, p. 702-703 (Dnipropetrovske or Dnipropetrovsk, city on the Dnieper River. Third largest city in Ukraine, and center of its metallurgical industry. Until 1926 called Katerynoslav. Founded 1776 by Prince G. Potemkin, and named after Empress Catherine II. Renamed Novorossiisk in 1797 until it resumed original name in 1802. In 1926 Katerynoslav was amalgamated with the town of Amur-Nyzhniedniprovskyi [no publs. on LC data base] and renamed Dnepropetrovske); 	For 1926- imprints only; Old catalog heading: Dnepropetrovsk; Record imported from LCN10 21.2.2011; Record enhanced with cross references from NNL13-000001073; 			n 94002566	
001035041	location	Bad Königshofen im Grabfeld (Germany)	באד קיניגסהופן אים גרבפלד (גרמניה)		Königshofen im Grabfeld, Ger.,lat; Königshofen im Grabfeld (Germany),lat; Grabfeld (Germany),lat; Konigshofen (Germany),lat; קעניגססהאפען אם גראבפלד (גרמניה),heb; קעניגססהאפען (גרמניה),heb; 	; ; 							Geschichte der Juden im Grabfeld, 1990:,p. 78, etc. (Grabfeld; Königshofen i. Gr.; Stadt Königshofen); LC data base, 7/30/94,(hdg.: Königshofen im Grabfeld, Ger.); Deut. Bundes-Adressb., 1992/93,(under Bayern: Bad Königshofen i. Grabfeld); Müllers grosses deut. Ortsb., 1988,(Bad Königshofen i. Grabfeld; Bay); 	Record imported from LCN10 21.2.2011; Record enhanced with cross references from NNL13-000002078; 			n 94072740	
001036685	location	Magdeburg (Germany : Regierungsbezirk)	מגדהבורג (גרמניה : מחוז)			; ; 							Tourist Verlag. Verwaltungskarte. Bezirk Magdeburg, 1:200 000, c1981 (name not given; shows northern part of Saxony-Anhalt including Landkreis Zerbst in Regierungsbezirk Dessau; doesn't include Landkreis Quedlinburg in Regierungsbezirk Magdeburg),; Landesvermessungsamt Sachsen-Anhalt. Kartenblattübersicht ... 1991:,map recto (shows 3 Regierungsbezirks in Saxony-Anhalt; Magdeburg is 1 of them); 	Record imported from LCN10 21.2.2011; 			n 95068927	
001038834	location	Minski rai︠o︡n (Belarus)	מחוז מינסק (בלארוס)		Minskiĭ raĭon (Belarus),lat; Minskiy rayon (Belarus),lat; Minsk Rayon (Belarus),lat; 	; ; 							Belorusskoe kartografo-geodezicheskoe predprii︠a︡tie. Minsk, Minskiĭ raĭon, Belarusʹ, plan goroda ... 1993.,; BGN gaz. USSR, 2nd ed., 1970,(Minskiy rayon, RAYN, 53p0s50ʹN 27p0s35ʹE, in White Russian SSR); Bel. SSR, karot. ėntsykl., 1978:,v. 1, p. 422 (Minski rai︠o︡n, u tsėntry Minskaĭ vobl.; utvorany 29.6.1934); 	Record imported from LCN10 21.2.2011; 			n 96072120	
001040904	location	Tayiba (Israel)	טייבה (ישראל)	<<ال>>طيبة (اسرائيل)	Ṭayyibah (Israel),lat; Tayibeh (Israel),lat; Tayyiba (Israel),lat; 	; ; ; 							Kanʻān (Tayiba, Israel). Kanʻān, Aylūl 1991:,p. 3 (al-Ṭayyibah, Tayiba, Israel) p. 81 (Tayibeh); Encyclopedia Judaica,(Tayyiba, an Arab town); 	Record imported from LCN10 21.2.2011; 			no 92016006	
001042370	location	Chėrykaŭ (Belarus)	חריקוב (בלארוס)		Cherikov (Belarus),lat; 	; ; 							Pami︠a︡tsʹ : Chėrykaŭski raën, 1994:,p. 18 (Chėrykaŭ); Times atlas of the world, 1994:,(Cherikov, Belorussia; 53p0s35ʹN; 31p0s23ʹE); 	Record imported from LCN10 21.2.2011; 			no 96041867	(OCoLC)oca04144255
001043424	location	Szczuczyn (Poland)	שצ'וצ'ין (פולין)		Szczuczayn (Poland),lat; שצוצין (פולין),heb; 	; ; 							Grochowska, I. Stanisław Antoni Szczuka, 1989:,p. 10 (Szczuczyn); Times atlas of the world, 7th ed. (Szczuczyn, Poland; 53.36N, 22.19E),; 	Record imported from LCN10 21.2.2011; Record enhanced with cross references from NNL13-000002984; 			nr 91018658	
001045711	location	Qarah Qūsh (Iraq)	קרקוש (עיראק)		Qaraqush (Iraq),lat; Qaraqosh (Iraq),lat; Al Hamdaniyah (Iraq),lat; Ḥamdanīyah (Iraq),lat; Qarah Qōsh (Iraq),lat; 	; ; 							Qarah Qūsh fī kaffat al-tārīkh, 1962:,p. 6 (28 km. east of Mosul); BGN gaz. Iraq, 1990,(Qarah Qūsh, PPL; 36.16N, 43.23E); Geonames, 18 June 2002,(Qarah Qūsh, Iraq; variants: Qaraqush; Qaraqosh; Al Hamdaniyah; Qarah Qōsh); 	Record imported from LCN10 21.2.2011; 			nr 96012710	
001049449	location	Kefar Yonah (Israel)	כפר יונה (ישראל)		Kfar Yona,lat; Kefar Yonah,lat; 	; ; 							Tsiyonut mitmashekhet, c1992:,t.p. (Kefar-Yonah) t.p. verso (Kfar Yona [in rom.]); Encyc. Judaica, c1971,(Kefar Yonah; rural settlement 4 mi. E of Netanyah; founded 1932; later absorbed the immigrant camp Shevut Am (Bet Lid)); BGN. Gazetteer of Israel, 1983,(Kefar Yonah; variant: Kefar Yona; PPL; 32p0s19ʹN, 34p0s56ʹE); 	Record imported from LCN10 21.2.2011; 			n 97105921	
001050914	location	Migliarina (Italy)	קארפי (איטליה)		Meliarina (Italy),lat; Migliorina (Italy),lat; 	; ; 							Migliarina ricorda, c1996:,p. 8, etc. (Migliarina o Meliarina; Migliarina, La Spezia); BGN gaz., Italy, 1956:,(Migliarina, ppl, 44p0s48ʹN, 10p0s51ʹE; with ref. from Migliorina); 	Record imported from LCN10 21.2.2011; 			n 98027225	
001052212	location	Koszalin (Poland : Powiat)	קושאלין (פולין : מחוז)		Powiat Koszalinski (Poland),lat; 	; ; 							Toponimia byych powiatow koobrzeskiego i koszalinskiego, 1995.,; 	Record imported from LCN10 21.2.2011; 			n 98065613	
001052242	location	Tsur Hadasah (Israel)	צור הדסה (ישראל)			; ; 							ʻIr ḥadashah be-hare Yerushalayim, 1998:,t.p. (Tsur Hadasah) text (a city south west of Jerusalem) p. 59, map (nested between Betar ʻIlit and Mevo Betar); 	Record imported from LCN10 21.2.2011; 			n 98067125	
001052505	location	Andizhon viloi︠a︡ti (Uzbekistan)	אנדיז'ן (אוזבקיסטן)		Andijon wiloyati (Uzbekistan),lat; 	; ; 							Soviet Union. Sovetskai︠a︡ Armii︠a︡. Generalʹnyĭ shtab. Andizhan (K-43-109), 1986:,map recto (Uzbekskai︠a︡ SSR, Andizhanskai︠a︡ oblastʹ); GEOnet, Aug. 24, 1998,(Andijon Wiloyati, ADM1, 40p0s45ʹN 72p0s20ʹE, Uzbekistan; variant: Andizhanskaya Oblast'); Toshkent kharit. oid fabrikasi. Ŭzbekiston Respublikasi, 1994,(Andizhon viloi︠a︡ti, markazi--Andizhon sh.); 	Record imported from LCN10 21.2.2011; 			n 98076134	
001054749	location	Araules (France)	ארו (צרפת)			; ; 							Réfugié au pays des Justes, 1997:,t.p. (Araules) cover p. 4 (village in Haute-Loire); GEOnet, May 3, 1999,(Araules; PPL, 45.05N, 4.10E); 	Record imported from LCN10 21.2.2011; 			no 99032338	(OCoLC)oca04980099
001057284	location	Ica (Peru : Dept.)	איקה (פרו : מחוז)		Ica, Peru (Dept.),lat; 	; ; 							Departamento Ica, mapa físico político, 1996,; LC database Apr. 12, 2000,(hdg.: Ica, Peru (Dept.)); 	Record imported from LCN10 21.2.2011; 			n 00112779	
001057368	location	Corbeil (France)	קורביל (צרפת)		Corbeil, France,lat; 	; ; 							Régibier, Philippe. Ubu sur la berge, c1999:,t.p. (Corbeil); LC data base, Apr. 25, 2000,(hdg.: Corbeil, France); Dict. national des communes de France, c1984,(Corbeil, Marne, ar. Vitry-le-François); 	Record imported from LCN10 21.2.2011; 			n 00038539	
001058987	location	Pardubice (Czech Republic : Okres)	פרדוביצה (צ'כיה : מחוז)		Okres Pardubice (Czech Republic),lat; 	; ; 							Foreign names information bulletin, no. 24, Sept. 30, 2000,(former name: Pardubice [short form], Okres--ADM1, 50p0s05'N 15p0s45'E (EZ45); new name: Pardubice [short form], Okres--ADM2, 50p0s05'N 15p0s45'E); 	Record imported from LCN10 21.2.2011; 			n 00145382	
001058988	location	Pardubický kraj (Czech Republic)	פרדוביצה (צ'כיה : מחוז)			; ; 							Foreign names information bulletin, no. 24, Sept. 30, 2000,(former name: none; new name: Pardubický kraj--ADM1, 49p0s50'N 16p0s05'E (EZ86)); 	Record imported from LCN10 21.2.2011; 			n 00145383	
001062428	location	Tomaszów Lubelski (Poland : Powiat)	טומשוב לובלסקי (פולין)		Tomaszów Lubelski (Poland : County),lat; Powiat Tomaszów Lubelski (Poland),lat; County of Tomaszów Lubelski (Poland),lat; Tomaszów Lubelski County (Poland),lat; Powiat Ziemski Tomaszów Lubelski (Poland),lat; 	; ; 							Verbyt︠s︡i︠a︡, 2000:,(name not mentioned); Lubelskie Province Powiats & Gminas,www.rootsweb.com (Powiat (County) of Tomaszów Lubelski (Tomaszow Lubelski) is in the south east of the Lubelskie Province [Województwo lubelskie]. It includes 12 Gminas (Districts)); Google, 01-04-02,www.lubelskie.pl/mapa/powiatytomaszow.htm (Powiat Tomaszoẃ Lubelski; Powiat Ziemski Tomaszów Lubelski); PolandGenWeb, 01-04-02,(From 1975 to 1998 Tomaszów Lubelski was part of the Województwo zamojskie; from 1945 to 1975 it was part of the Województwo lubelskie); 	Coordinates of the city Tomaszów Lubelski are: 50p0s27ʹN 23p0s25ʹE; Record imported from LCN10 21.2.2011; 			n 2002090015	
001063875	location	Moshavah ha-Yevanit (Jerusalem, Israel)	מושבה היוונית (ירושלים, ישראל)		Greek Colony (Jerusalem),lat; Moshavah ha-Yeṿanit (Jerusalem),lat; 	; ; 							Ḳroyanḳer, D. Shekhunot Yerushalayim, c2002:,t.p. (ha-Moshavah ha-Yeṿanit; the Greek Colony [in rom.]); 	Record imported from LCN10 21.2.2011; 			n 2002058317	
001065560	location	Radom (Poland : Powiat)	ראדום (פולין : מחוז)		Powiat Radomski (Poland),lat; Radom, Poland (Powiat),lat; רדום (פולין : מחוז),heb; 	; ; 							Regesty z Metryki Koronnej do dziejow powiatow opoczynskiego, radomskiego i stezyckiego z lat 1574-1795, 2001-,; LC database, Jan 7, 2003:,(hdg.: Radom, Poland (Powiat)); 	Record imported from LCN10 21.2.2011; 			n 2003034161	
001066686	location	Złotoryja (Województwo Dolnośląskie, Poland)	זלוטוריה (פולין)		Goldberg (Województwo Dolnośląskie, Poland),lat; Zlotoryia (Goldberg) (Województwo Dolnośląskie, Poland),lat; גולדברג (פולין),heb; גולדבורג (פולין),heb; 	; ; 							Dzieje Złotoryi, 1997.,; Geonet on WWW, May 30, 2003:,(Złotoryja, ppl 51p0s07ʹN 15p0s55ʹE; lists 3 places with same name); WWW.Mapapolski.pl, May 30, 2003:,(Złotoryja, ppl 51p0s08ʹN 15p0s55ʹE; located in Województwo Dolnośląskie); 	Record imported from LCN10 21.2.2011; Record enhanced with cross references from NNL13-000000608; 			n 2003045027	
001071676	location	Strzelce Opolskie (Poland)	אופולה (פולין)		Strzelce (Województwo Opolskie, Poland),lat; Strehlitz (Województwo Opolskie, Poland),lat; Gross Strehlitz (Poland),lat; Gross Strohlitz (Poland),lat; 	; ; 							Demart Sp. z O.O. Opole plus 3, plan miasta 1:17 000, c2004:,map recto (Strzelce Opolskie); GEOnet, 6 Dec. 2004,(Strzelce Opolskie, PPL, 50⁰31ʹ00ʺN 18⁰18ʹ00ʺE, Poland; variants: Strzelce, Strehlitz, Gross Strohlitz, Gross Strehlitz; cites other Strzelce); Col. gaz. world, 1998,(Strzelce, Ger. Gross Strehlitz, town, Opole prov., Poland); 	Record imported from LCN10 21.2.2011; 			n 2004115103	
001073406	location	Stopnica (Województwo Świętokrzyskie, Poland)	סטופניקה (פולין)			; ; 							Leszczyński, Jarosław. Stopnica, 2003.,; Geonet on WWW, May 18, 2005,(Stopnica, ppl 50⁰26ʹN 20⁰57ʹE; lists two others by same name); Mapapolski WWW home page, May 18, 2005,(Stopnica, ppl 50⁰26ʹN 20⁰56ʹE; woj. świętokrzyskie, pow. buski, gm. Stopnica); 	Record imported from LCN10 21.2.2011; 			n 2005036714	
001075773	location	Russian S.F.S.R.	רוסיה		Russia (1917- R.S.F.S.R.),lat; Russian Soviet Federal Socialist Republic (R.S.F.S.R.),lat; Russian Soviet Federated Socialist Republics,lat; R.S.F.S.R.,lat; RSFSR,lat; 	; ; 												
001076095	location	Horeshim (Israel)	חרשים (ישראל)			; ; 								NLI authority record created automatically.; 				
001076167	location	Kefar Yona (Israel)	כפר יונה (ישראל)			; ; 								NLI authority record created automatically.; 				
001076174	location	Khirbet Madras (Israel)	חורבת מדרס (ישראל)			; ; 								NLI authority record created automatically.; 				
001076211	location	Lowlands (Israel)	שפלה (ישראל)			; ; 								NLI authority record created automatically.; 				
001076353	location	Neta'im (Israel)	נטעים (ישראל)			; ; 								NLI authority record created automatically.; 				
001076425	location	Ramat Issachar (Israel)	רמת יששכר (ישראל)			; ; 								NLI authority record created automatically.; 				
001076429	location	Ramat Yisakhar (Israel)	רמת יששכר (ישראל)			; ; 								NLI authority record created automatically.; 				
001076504	location	Taiyiba (Israel)	טייבה (ישראל)			; ; 								NLI authority record created automatically.; 				
001076522	location	Tel Qasile (Israel)	תל קסילה (ישראל)			; ; 								NLI authority record created automatically.; 				
001076563	location	Yavne Region (Israel)	אזור יבנה (ישראל)		Yavneh Region (Israel),lat; 	; ; 								NLI authority record created automatically.; 				
001076577	location	Zevulun, Emek (Israel)	עמק זבולון (ישראל)			; ; 								NLI authority record created automatically.; 				
001076586	location	Tsur Hadassa (Israel)	צור הדסה (ישראל)		Zur Hadassa (Israel),lat; 	; ; 								NLI authority record created automatically.; 				
001386916	location	Argeș (Romania : Județ)	ארגש (רומניה : מחוז)			; ; 								NLI authority record created automatically.; 				
001390270	location	Łódź (Poland : Voivoideship)	לודז' (פולין : מחוז)			; ; 								Heading created by NLI.; 				
001409439	location	Manila Metropolitan Area (Philippines)	אזור מטרופולי מנילה (פיליפינים)			; ; 								NLI authority record created automatically.; 				
001409476	location	Toronto Metropolitan Area (Ont.)	אזור מטרופולי טורונטו (אונטריו)			; ; 								NLI authority record created automatically.; 				
001409538	location	Bad Königshofen im Grabfeld Region (Germany)	באד קיניגסהופן אים גרבפלד (גרמניה)			; ; 								NLI authority record created automatically.; 				
001409545	location	Big Bend Region (Texas)	אזור ביג בנד (טקסס)			; ; 								NLI authority record created automatically.; 				
001409574	location	Zlotorya (Poland)	זלוטוריה (פולין)			; ; 								NLI authority record created automatically.; 				
001409579	location	Zywiec Region (Poland)	אזור ז'יבייץ (פולין)			; ; 								NLI authority record created automatically.; 				
001410975	location	Timna, (Yemen : Extinct city)	תמנע (תימן : עיר קדומה)			; ; 								NLI authority record created automatically.; 				
001418716	location	Greek Colony (Jerusalem, Israel)	מושבה היוונית (ירושלים, ישראל)			; ; 							שכונות ירושלים, 2002:,; 					
001419477	location	Karakush (Iraq)	קרקוש (עיראק)			; ; 								Heading created by NLI; 				
001420384	location	Kleve (Germany)	קלוה (גרמניה)		Cleves (Germany),lat; Kleef (Germany),lat; קליב (גרמניה),heb; קליווא (גרמניה),heb; קליוה (גרמניה),heb; קליף (גרמניה),heb; 	; ; 								Heading created by NLI; Record enhanced with cross references from NNL13-000002048; 				
001426775	location	Radom (Poland : Voivodeship)	ראדום (פולין : מחוז)			; ; 								Heading created by NLI; 				
001458310	location	Diyarbakir (Turkey)	דיארבקיר (טורקיה)		Diyar bakr (Turkey),lat; דיאר בקיר (תורכיה),heb; דיארבכיר (תורכיה),heb; דיאר בכר (תורכיה),heb; דייאר באכיר (תורכיה),heb; 	; ; 								Record enhanced with cross references from NNL13-000000675; Record enhanced with cross references from NNL13-000000679; 				
001473926	location	Přerov (Czech Republic)	פררוב (צ'כיה)		Prerau (Czech Republic),lat; Przerów (Czech Republic),lat; Prerav (Czech Republic),lat; פרערא (צ'כיה),heb; 	; ; 								Record enhanced with cross references from NNL13-000004113; 				
001477068	location	Stopnica (Poland)	סטופניקה (פולין)			; ; 												
001673178	location	Horvat Midras (Israel)	חורבת מדרס (ישראל)		Khirbat Durusiya (Israel),lat; Midras (Horvat),lat; ח'רבת דרוסייה (ישראל),heb; 	; ; 												
001674086	location	Mekor Chaim (Jerusalem, Israel)	מקור חיים (ירושלים, ישראל)		Makor Haim (Jerusalem, Israel),lat; Makor Hayyim (Jerusalem, Israel),lat; Jerusalem,lat; שכונת מקור חיים (ירושלים, ישראל),heb; 	; ; 												
001709581	location	Mekor Hayyim (Jerusalem, Israel)	מקור חיים (ירושלים, ישראל)		Mekor Hayim (Jerusalem, Israel),lat; Mekor Chayim (Jerusalem, Israel),lat; 	; ; 								NLI authority record created automatically.; 				
001718998	location	Yavne'el Region (Israel)	אזור יבנה (ישראל)			; ; 								NLI authority record created automatically.; 				
001729008	location	Essen (Netherlands)	אסן (הולנד)		Essen (Groningen) (Netherlands),lat; Yesse (Netherlands),lat; אססין (גרונינגן) (הולנד),heb; 	; ; 								NLI authority record created automatically for MSS place.; Record enhanced with cross references from NNL13-000004090; 				
001731318	location	Wisznice (Poland)	וישניצה (פולין)		Wisznica (Poland),lat; Wisnicz (Poland),lat; וישניץ (פולין),heb; 	; ; 								NLI authority record created automatically.; Record enhanced with cross references from NNL13-000000888; 				
001747618	location	Horben (Germany)	הירבן (גרמניה)			; ; 								NLI authority record created automatically.; 				
001750261	location	Acheres (Yvelines, France)	אשר (איוולין, צרפת)			; ; 								Heading created by NLI; 				
001780438	location	Hürben (Germany)	הירבן (גרמניה)		Huerben (Germany),lat; הירבען (גרמניה),heb; 	; ; 								NLI authority record created automatically.; Record enhanced with cross references from NNL13-000000764; 				
001793587	location	Bene Netsarin (Israel)	בני נצרים (ישראל)			; ; 								NLI authority record created automatically.; 				
001793682	location	Harashim (Israel)	חרשים (ישראל)			; ; 								NLI authority record created automatically.; 				
001793821	location	Neta' (Israel)	נטעים (ישראל)			; ; 								NLI authority record created automatically.; 				
001802224	location	Heidelsheim (Bruchsal, Germany)	הילדסהיים (גרמניה)		היידלסהיים (גרמניה),heb; 	; ; 								Heading created by NLI; 				
001867709	location	Dalyat el Karmel Region (Israel)	אזור דלית אל-כרמל (ישראל)			; ; 								NLI authority record created automatically for U. of Haifa.; 				
001867930	location	Hammat Gader Region (Israel)	אזור חמת גדר (ישראל)			; ; 								NLI authority record created automatically for U. of Haifa.; 				
001868259	location	Mandalay Region (Burma)	אזור יאנגון (בורמה)			; ; 								NLI authority record created automatically for U. of Haifa.; 				
001868476	location	Pechory Region (Russia)	אזור פצ'ורי (רוסיה)			; ; 								NLI authority record created automatically for U. of Haifa.; 				
001868562	location	Rangoon Region (Burma)	אזור יאנגון (בורמה)			; ; 								NLI authority record created automatically for U. of Haifa.; 				
001872318	location	Hammat Gader Site Region (Israel)	אזור חמת גדר (ישראל)			; ; 								NLI authority record created automatically.; 				
001879550	location	Nahalat Yehuda (Rishon Letsiyon, Israel)	נחלת יהודה (ראשון לציון, ישראל)			; ; 								Heading created by NLI; 				
001909897	location	Bait Sira (West Bank)	בית סירא (גדה מערבית)	بيت سيرا (الضفة الغربية)		; ; ; 								NLI authority record created automatically.; 				
003967426	location	Pechora River Region (Russia)	אזור פצ'ורי (רוסיה)			; ; 								NLI authority record created for Hebrew U.; 				
004081467	location	Khirbet Qanah (Israel)	חורבת קנה (ישראל)		Qana, Horvat (Israel),lat; Qanah (Horvat),lat; Khirbat Kanah (Israel),lat; Qana Ruins (Israel),lat; קנה (חורבת),heb; 	; ; 							"אתר רשות העתיקות (נצפה 27 מרץ 2017),(חורבת קנה, סקר : מצפון לשטח הסקר נמצאת חורבת קנה שנסקרה ונחפרה בעבר, ונמצאו בה נמצאו שרידים מהתקופות הנאוליתית, הברונזה הקדומה, הברזל 1–3, הפרסית, ההלניסטית, הרומית, הביזנטית, האסלאמית הקדומה, הצלבנית, הממלוכית והעות'מאנית... ); אתר ""מטיילים בלב גליל - אתר תיירות כרמיאל משגב"" (נצפה 27 מרץ 2017),(חורבת קנה נ.צ. 747848 / 228696 : שרידי ישוב, לפי מסורת אחת, זה כפר קנה שם עשה ישו את הנס הראשון.... במקום שרידי בריכה גדולה ושרידי ישוב... ); "	Heading created by NLI; 				
004218411	location	Bnei Netsarim (Israel)	בני נצרים (ישראל)		Bney Netzarim (Israel),lat; Moshav Bnei Netsarim (Israel),lat; בני נצרים (מושב) (ישראל),heb; בני נצרים (ישראל : מושב),heb; מושב בני נצרים (ישראל),heb; 	; ; 							ויקיפדיה, נצפה 27 אפריל 2017,(בני נצרים הוא מושב דתי בחבל שלום שהוקם ב-2008 על ידי משפחות שפונו מהיישוב נצרים במהלך תוכנית ההתנתקות, וכן משפחות נוספות שהצטרפו אליהן.); אתר מושב בני נצרים, נצפה 27 אפריל 2017,(בני נצרים, הישוב הדרומי ביותר במועצה האזורית אשכול, הינו מושב ייחודי ובו קהילה חמה המשתייכת לחברה הלאומית-דתית-ציונית... בני נצרים הינו אחד המושבים אשר הוקמו לאחר שנת 2008 וזאת במטרה להוות בית חקלאי וערכי למפוני גוש קטיף.); 	Heading created by NLI; 				
004548768	location	Cherykaw (Belarus)	חריקוב (בלארוס)		Cherykaw (Russia),lat; Czeryków (Russia),lat; 	; ; 								NLI authority record created automatically.; 				
004548771	location	Borovka (Ukraine)	בורובקה (אוקראינה)		Borovka (Vinnyt︠s︡ʹka oblastʹ, Ukraine),lat; 	; ; 								NLI authority record created automatically.; 				
004548911	location	Beit Sira (West Bank)	בית סירא (גדה מערבית)		Bet Sira (West Bank),lat; Bayt Sira (West Bank),lat; 	; ; 							ויקיפדיה, נצפה 6 יוני 2017,(בית סירא... הוא כפר פלסטיני בגדה המערבית בגבול הרי בנימין ושפלת יהודה צמוד לגדר ההפרדה שמצידה השני שוכנת מודיעין-מכבים-רעות... הכפר מזוהה עם היישוב העברי העתיק אוזן שארה); 	Heading created by NLI; 				
004728921	location	Komárno (Slovakia)	קומרנה (סלובקיה)		קומארום (סלובקיה),heb; 	; ; 												
004851353	location	Horbat Qana (Israel)	חורבת קנה (ישראל)		Qana, Horbat (Israel),lat; Khirbet Qana (Israel),lat; Qana (khirbet, Galilee),lat; Khirbet Kana (Israel),lat; קנה, חירבת (ישראל),heb; 	; ; 							אתר רשות העתיקות, נצפה 2 אוקטובר 2017,(בחודש אפריל 2011 נערך סקר מדרום לחורבת קנה שבצפון עמק בית נטופה. מצפון לשטח הסקר נמצאת חורבת קנה שנסקרה ונחפרה בעבר, ונמצאו בה נמצאו שרידים מהתקופות הנאוליתית, הברונזה הקדומה, הברזל 1–3, הפרסית, ההלניסטית, הרומית, הביזנטית, האסלאמית הקדומה, הצלבנית, הממלוכית והעות'מאנית); 	Heading created by NLI; 				
004851560	location	Daliyat al-Karmil Region (Israel)	אזור דלית אל-כרמל (ישראל)			; ; 								NLI authority record created for: HAI; 				
004865521	location	Antioquia (Colombia : Department)	אנטיוקיה (קולומביה : מחוז)			; ; 								NLI authority record created for: TAU; 				
004962059	location	Kruti (Ukraine)	קרוטי (אוקראינה)			; ; 							JewishGen, viewed 28 March 2018,(19 miles W of Balta, 10 miles SSE of Kodyma, on the border with Moldova. 47°58' N, 29°12' E.); 	Heading created by NLI for CAHJP; 				
005013531	location	Naḥalat Yehudah (Rishon Letsiyon, Israel)	נחלת יהודה (ראשון לציון, ישראל)		Nahalat Yehuda (Israel),lat; נחלת יהודה (מושב) (ישראל),heb; נחלת יהודה (מועצה מקומית) (ישראל),heb; 	; ; 							"ויקיפדיה, נצפה 24 מאי 2018,(נחלת יהודה היה מושב שהוקם בשנת 1913 על ידי ""חובבי ציון"" מצפון לראשון לציון. בתקופת העלייה ההמונית, עם קום מדינת ישראל, הוקמה בסמוך למושב מעברה, שאכלסה כ-700 משפחות, מרביתן עולי עיראק ותימן. המעברה סופחה לנחלת יהודה, שבה היו 200 משפחות בלבד, והיישוב הוכרז כמועצה מקומית. בשנת 1988 הפך המושב, שמנה כ-2,400 תושבים, לשכונה של ראשון לציון); "	Heading created by NLI; 				
005065727	location	Borivka (Ukraine)	בורובקה (אוקראינה)		Borowka (Ukraine),lat; 	; ; 								Created for NLI for 370; 				
